	R0235	R0236	R0238	R0251	R0252	R0253	R0324	R0326	R0328	R0336	R0338	R0340	R0348	R0350	R0352	R0360	R0362	R0364
HALLMARK_ADIPOGENESIS	0.409490105394002	0.417200889141051	0.413551979266791	0.399568913476933	0.407339634171615	0.416431579195993	0.433518566488759	0.419482460234064	0.428251398181006	0.41744998843566	0.441293776001783	0.431791367901302	0.410875333263815	0.412283103945055	0.410276694130379	0.399149260476238	0.406729173804605	0.422408283194176
HALLMARK_ALLOGRAFT_REJECTION	0.176344789874499	0.179472702718848	0.181451562226778	0.181523859957452	0.191521012682562	0.185956679986055	0.16759730769039	0.176095848813248	0.169463081971461	0.190737756970581	0.199857677236506	0.197197179640615	0.18720629158051	0.180145203371362	0.18368828046704	0.175472253872128	0.180434801087414	0.179858773208735
HALLMARK_ANDROGEN_RESPONSE	0.504806576828292	0.505229240461102	0.503987511586467	0.493207954089688	0.492044493694203	0.489302469078477	0.483039183076544	0.507791345241396	0.491947364861652	0.494680160829222	0.471098901453472	0.472176263521546	0.500279185476392	0.501478950742858	0.499198891750571	0.498059269647575	0.493570021633929	0.47973254552576
HALLMARK_ANGIOGENESIS	0.630206805148131	0.613092311214709	0.623285572166916	0.624676654759607	0.616065675175983	0.623716292224795	0.595466614250214	0.584110244730962	0.585208239882478	0.605196190838695	0.591865277874914	0.596120806652629	0.582826476677339	0.594031190839925	0.586576557621387	0.578360238620779	0.568838228348867	0.578719145164345
HALLMARK_APICAL_JUNCTION	0.358876074113976	0.355814413429068	0.354986335693914	0.369167501007082	0.360797172490875	0.36385087643238	0.359062162344808	0.354405692911613	0.362790576538215	0.358853626180984	0.345287327523948	0.3517326610144	0.344993030528606	0.346820562039225	0.345653779209086	0.36006181086161	0.365309648272817	0.358756376319595
HALLMARK_APICAL_SURFACE	0.22056604520041	0.211249491472199	0.214257237726409	0.217792490857272	0.219379363913469	0.209665335610374	0.234775471155106	0.232272548206914	0.241217926954145	0.207320753987251	0.197102415282412	0.209366925561978	0.20188864442028	0.207263753206389	0.209581968950454	0.207398625302327	0.211043433996821	0.207629375199282
HALLMARK_APOPTOSIS	0.445406221959494	0.450023365301634	0.450308084856886	0.447284852435083	0.452752920868019	0.452490670475261	0.438454131464959	0.434394666166702	0.438567896824678	0.460402644476184	0.474365691756936	0.464740445936324	0.426750125988259	0.424925970382127	0.425855515224174	0.435118451848921	0.440016997505741	0.446890151903457
HALLMARK_BILE_ACID_METABOLISM	0.143679556001339	0.146573933421621	0.143510197837305	0.132743573099858	0.130860352286259	0.140041827234513	0.145404773698546	0.132275971942724	0.135052030642751	0.124761196209831	0.131371101526349	0.125942802759309	0.112712595309207	0.119672250570356	0.122316512740676	0.125962768227463	0.129489643275986	0.132057248342308
HALLMARK_CHOLESTEROL_HOMEOSTASIS	0.591636511377579	0.594804178540503	0.596995534565555	0.557950787667858	0.56332460492956	0.568449098064706	0.587913927016952	0.579950595286583	0.593148812973328	0.546160523124649	0.568546914013986	0.55267657680257	0.555434495284753	0.558018391691948	0.556941597127325	0.547920991521231	0.548900466830461	0.561830390614562
HALLMARK_COAGULATION	0.286917061383998	0.287644545365247	0.285874481413244	0.309428946525058	0.311162140814672	0.311188137748034	0.298738595922034	0.287268354877952	0.298471771085094	0.32142909271755	0.331150240852534	0.32820048433075	0.276037725764734	0.283605577046563	0.274920835970487	0.31172384443576	0.308699966991228	0.319718952272642
HALLMARK_COMPLEMENT	0.258660631647395	0.261175607359532	0.261351159688746	0.281402410431841	0.279758215357333	0.274312571828328	0.24924555278814	0.250789562696144	0.248267533607006	0.292461988925548	0.29021828210072	0.289457696091412	0.259748094415057	0.259351728306242	0.259235672805867	0.279656460544409	0.281133477475184	0.280934298942214
HALLMARK_DNA_REPAIR	0.412151643133239	0.422466131031579	0.420005469057079	0.403596498271553	0.416504973665075	0.425483239844673	0.45808486816658	0.4363883379757	0.446910534681531	0.430003627559683	0.470853697031024	0.457136969914343	0.432476762226438	0.432177492143512	0.428585277167302	0.405452977254694	0.412390150580637	0.44107471481267
HALLMARK_E2F_TARGETS	0.646255882094255	0.651121512014674	0.647022492627771	0.647711448605539	0.649653926140618	0.656964834808612	0.607386224961168	0.633867299097954	0.609543444051914	0.64309062331805	0.65248301870656	0.655402997779211	0.657805810846285	0.657520606924544	0.658756818341339	0.656981364691984	0.65775177542698	0.658738214816465
HALLMARK_EPITHELIAL_MESENCHYMAL_TRANSITION	0.471385028225225	0.473498022368103	0.474199991642859	0.494332274222741	0.487251497102835	0.48868188239568	0.481737561618255	0.474419864244606	0.487991167176263	0.488979950095599	0.491274406735808	0.486939556042814	0.483396416856899	0.486328053802225	0.484952050183458	0.47632378385677	0.480138744930923	0.483695320857514
HALLMARK_ESTROGEN_RESPONSE_EARLY	0.292641809157999	0.286750481598103	0.289335718851347	0.298551160313639	0.294532107834341	0.287901859213804	0.321608407306627	0.310138461951648	0.320951068502171	0.303172854957425	0.290365812304117	0.293510622106944	0.286520367856729	0.285238459356679	0.285879795426262	0.290212392782348	0.290396587116338	0.292943363295624
HALLMARK_ESTROGEN_RESPONSE_LATE	0.294718589785143	0.296238736219869	0.297467576896018	0.301168678243339	0.303048334024769	0.298040472682995	0.308123224849918	0.295974642289003	0.303729833007085	0.300302715916582	0.30417156896334	0.304193882142046	0.284010505081298	0.284306289382483	0.281333906379608	0.287833189784618	0.290680455833601	0.304407097068389
HALLMARK_FATTY_ACID_METABOLISM	0.363530100256732	0.371756132865851	0.369740502351371	0.352607860373851	0.355096187789283	0.367539462626167	0.38369595610471	0.375150175922433	0.375486685590593	0.35419283930026	0.373399888272277	0.36497417158274	0.368751080690633	0.36575648273224	0.365111032534956	0.33840612288863	0.347322194036982	0.359199385441216
HALLMARK_G2M_CHECKPOINT	0.652295652030885	0.650805374747196	0.648807971702687	0.658949584671754	0.657080733014064	0.658807758957194	0.595825293728742	0.633698985088421	0.603728134469237	0.638898302553526	0.62819113487064	0.64265426885967	0.658401880169521	0.658621306342259	0.659983989398056	0.664276554645894	0.659935733271826	0.652365293743873
HALLMARK_GLYCOLYSIS	0.448246665999636	0.448460269070039	0.446361089173428	0.442822595071162	0.446896291866489	0.447953508869437	0.464073737504156	0.459495973623698	0.457618766082191	0.442074936661277	0.451675855796348	0.445608115909581	0.452290018017631	0.455584890247683	0.452378949861577	0.434073376219767	0.434802596551447	0.442978724689338
HALLMARK_HEDGEHOG_SIGNALING	0.275054440239519	0.266151066960439	0.268444694737019	0.285022002786505	0.273884692069009	0.26426399445361	0.282437947191706	0.278439957007758	0.297101050183346	0.26750634600406	0.23907899959875	0.247553664760767	0.262047704784296	0.257021671127432	0.254008141156515	0.264036540016639	0.257175060464294	0.242377600941348
HALLMARK_HEME_METABOLISM	0.367018401314142	0.367787308180985	0.367598272839151	0.363043165490656	0.361709584411894	0.358651654428001	0.371932735630908	0.363135995161831	0.371748930491583	0.362955358554023	0.352542945821824	0.351806154592635	0.350924021182361	0.352227792534541	0.352896811358465	0.359540755816415	0.359625787641124	0.355384608928894
HALLMARK_HYPOXIA	0.363811417398198	0.360748406985968	0.363105422886558	0.367677629047865	0.366088356564841	0.366775101375427	0.383644897684796	0.370766339140665	0.378271809749208	0.365364453547021	0.369709870772205	0.362195714933941	0.360766126638271	0.361606251060624	0.359757693173319	0.35019678663108	0.351500041646242	0.35421121735566
HALLMARK_IL2_STAT5_SIGNALING	0.23469955348776	0.232368285491571	0.234533048826715	0.237622325939831	0.234471889360752	0.231206639381626	0.246819073722175	0.241153754804084	0.244952247806778	0.240108269252785	0.237528424575907	0.237685802240447	0.232073186733009	0.227322144697642	0.22896814013271	0.227136746948919	0.230147234579867	0.222196853368983
HALLMARK_IL6_JAK_STAT3_SIGNALING	0.209736838560686	0.210961783632486	0.217294622061736	0.239993259123456	0.241410398451411	0.235386635889008	0.255644842678581	0.239957087505823	0.260280723920432	0.280670125751269	0.273325730506613	0.263462456346576	0.229692803122914	0.228104696446068	0.228007544746089	0.248966523009154	0.25617553737262	0.251298775032384
HALLMARK_INFLAMMATORY_RESPONSE	0.14694940764198	0.141735812178787	0.148779480171323	0.169809943642903	0.18213829050515	0.161667050075463	0.187633118039556	0.180923953799095	0.192167990719816	0.20158463576934	0.200615016345393	0.195175521549018	0.17673579901284	0.169728803353851	0.171439803465483	0.18252768774592	0.178250568396515	0.177676421522736
HALLMARK_INTERFERON_ALPHA_RESPONSE	0.162176048250297	0.163709417330118	0.193884065793892	0.392702157037873	0.456607790417527	0.408946846337571	0.499105579603286	0.455919797618405	0.502402749652801	0.584026296727951	0.614001001244793	0.594092434992972	0.437281225519439	0.392403007502195	0.407936233465557	0.511751452303389	0.517192055673738	0.514767526163251
HALLMARK_INTERFERON_GAMMA_RESPONSE	0.129033027231346	0.132345511332109	0.150946471613377	0.27014378832121	0.316292158446378	0.283461292155237	0.326359762879912	0.298672783637255	0.32939067355814	0.40510810850404	0.431977358732748	0.416363201570977	0.285476848929351	0.253193841659043	0.263710859680432	0.344770946901732	0.350946285930033	0.34604147083245
HALLMARK_KRAS_SIGNALING_DN	-0.181670464218293	-0.184480735230594	-0.177763637567888	-0.143906376601939	-0.139440220323298	-0.152181082881064	-0.117829715447342	-0.137896416679668	-0.12167301094535	-0.128636123821423	-0.136044757927464	-0.130713866601751	-0.144416868851401	-0.144106210041205	-0.150275244589086	-0.116639416810484	-0.126903745806893	-0.117714744990097
HALLMARK_KRAS_SIGNALING_UP	0.045414013257291	0.0419955497840159	0.0453215053832279	0.0503177851059521	0.0464270764892058	0.0478974178617736	0.0372125025946496	0.0382417990472771	0.0341619623709599	0.0447004160818544	0.0420805115532892	0.0369677520437636	0.0288542043083781	0.0273089459321771	0.0278564632953521	0.0269070715360577	0.0263345924829492	0.025713720405475
HALLMARK_MITOTIC_SPINDLE	0.645498628728476	0.63831263735934	0.63777068890185	0.652974929436992	0.642913668614569	0.635511959640238	0.559733104336817	0.607755651150702	0.572730676278605	0.615890531685641	0.575865638697138	0.602769756751719	0.624159400446232	0.624565336981791	0.627595656582991	0.653853932004956	0.647669156456619	0.623885829503573
HALLMARK_MTORC1_SIGNALING	0.631830819501238	0.634255964788803	0.633702904745344	0.593105409197463	0.597866968081479	0.605400264797607	0.623174931550693	0.625890593283145	0.619793540207987	0.579358816337651	0.598801990382381	0.588828110889451	0.632006109009004	0.63393393253667	0.63148518447418	0.577414230341072	0.580052616540025	0.588237307831241
HALLMARK_MYC_TARGETS_V1	0.777342990987558	0.786036990495647	0.783790180836815	0.753040555265475	0.764861665304577	0.775502763059295	0.790376015410909	0.801549592403957	0.783071630562194	0.762553430202176	0.789735650883231	0.780256498894531	0.815519264769406	0.814048753481833	0.812706032107537	0.749085842711043	0.75673885998083	0.772439533706993
HALLMARK_MYC_TARGETS_V2	0.460622208086953	0.466718438006552	0.469480861900917	0.396693716144108	0.40696712290199	0.41416725046634	0.528727866804357	0.526167674979955	0.505299342809311	0.413102956450187	0.442192066655537	0.431843034369622	0.540460068607232	0.532124012063114	0.529757357685937	0.378701393885459	0.38593611556599	0.403511949782626
HALLMARK_MYOGENESIS	0.26053090654629	0.262001318283662	0.264523819345126	0.262511155498833	0.261620926845383	0.26254649312945	0.269495235464852	0.254146405783529	0.268260919141131	0.251716477953663	0.247094413257657	0.251694364062518	0.244543658090595	0.249966618805821	0.241980035139025	0.251619916336903	0.249042898376055	0.25928220732351
HALLMARK_NOTCH_SIGNALING	0.36675913369122	0.362127189732081	0.368278319400107	0.356936829370423	0.354237380218203	0.350798690585588	0.434551755918563	0.409332046126535	0.432120991977064	0.386818792680628	0.375031413759439	0.371493668964807	0.377866671920262	0.377367092519263	0.377830886791838	0.35257889536146	0.35831124386903	0.361435765164783
HALLMARK_OXIDATIVE_PHOSPHORYLATION	0.548015983527366	0.566575339718485	0.562441014403362	0.51540292882193	0.537369541885279	0.554096056181237	0.602007251036031	0.581544896494909	0.590423486470643	0.529842967477131	0.588258603388973	0.567002341079685	0.572264069197878	0.575835909814105	0.569966626901154	0.500854474589272	0.514256348494357	0.55300987153356
HALLMARK_P53_PATHWAY	0.366241953447553	0.367557685584718	0.368865908759601	0.371454468808691	0.376013383355841	0.375240869945603	0.378258895710715	0.357918155886382	0.379049177232239	0.379389129296425	0.390951558888763	0.38389689860542	0.341631840487391	0.339500931861306	0.337759489210858	0.351968360640989	0.360896714531641	0.367298119385948
HALLMARK_PANCREAS_BETA_CELLS	-0.138135323132062	-0.134108523350896	-0.134845981377865	-0.141207104476442	-0.138197026842496	-0.14386344442149	-0.117525385335053	-0.118268861492856	-0.115025642833803	-0.121130878380135	-0.120880244331012	-0.125000658843294	-0.107392032818978	-0.115708587398878	-0.106535786329087	-0.125308505443618	-0.126039423274877	-0.127936584670895
HALLMARK_PEROXISOME	0.320625692659142	0.323669522116578	0.327935021027601	0.308417093704827	0.315512936576926	0.317543744262147	0.32335077762386	0.314775514937004	0.320027375415549	0.314595974342871	0.325180435105081	0.3170719608414	0.300200340961752	0.303385577320628	0.309489160581701	0.310885161241552	0.314282521571282	0.323753462928334
HALLMARK_PI3K_AKT_MTOR_SIGNALING	0.507414738242935	0.507751464050892	0.509945892696171	0.492120163314597	0.492506731734247	0.487994283329494	0.477657335698542	0.488934909823573	0.487360230236503	0.485428367429408	0.477327509288519	0.479022820630735	0.489973710380109	0.49205936278954	0.494041117674392	0.491388308336887	0.485975082768646	0.47912127406303
HALLMARK_PROTEIN_SECRETION	0.587904329964201	0.591032244839418	0.587214670501672	0.583131291023517	0.581380332532366	0.580423255068347	0.544223839443454	0.569727606777039	0.548697872488452	0.583070486990297	0.569775064790595	0.570893356380681	0.581561472096515	0.584383370919357	0.586266878016173	0.588950214621428	0.583966200436877	0.573163128174007
HALLMARK_REACTIVE_OXYGEN_SPECIES_PATHWAY	0.513969184505629	0.520078638250183	0.517459861727431	0.508631855899012	0.515174755956716	0.519868840219025	0.544663232616761	0.517025211956743	0.545210131489266	0.513145631647219	0.540998133780447	0.530146380078932	0.50246473600482	0.506917366048886	0.498930873005539	0.489560373990774	0.498011049209861	0.526255087088388
HALLMARK_SPERMATOGENESIS	0.0867697474714888	0.0862429091817349	0.0857826238388489	0.0878816238094912	0.0835310876664858	0.0816605059674531	0.0668358519289222	0.0819982417488049	0.0577489084921357	0.0718589542389521	0.0612258140858571	0.0676338471703738	0.0801148136885002	0.0872096849170104	0.0858255832588823	0.0845306827260441	0.089060970039573	0.0727646284075396
HALLMARK_TGF_BETA_SIGNALING	0.620044979759408	0.617302137223118	0.617805863257721	0.622364797155071	0.615379745424683	0.610085527223502	0.57752133805021	0.59496330468767	0.583949541833224	0.612574663520752	0.5837159266968	0.594276962240308	0.57680966946909	0.579142209978656	0.58065764622029	0.601108292765485	0.596808846488311	0.583627798838515
HALLMARK_TNFA_SIGNALING_VIA_NFKB	0.28168129979602	0.282907470288256	0.285024612845209	0.300636409183609	0.305314231420886	0.298420096472619	0.300714400197992	0.284446727930173	0.302031452450227	0.300488109666263	0.313528069922111	0.298981747830186	0.27528147098061	0.268383367711462	0.269304657881729	0.273827669269718	0.277084556582834	0.278682470514712
HALLMARK_UNFOLDED_PROTEIN_RESPONSE	0.595410731563498	0.598897828104854	0.600037475120445	0.578116519530139	0.586091844786596	0.587833053050868	0.602014452286517	0.600919497354262	0.601624954813556	0.575641921520328	0.587418523082708	0.580726617140434	0.620827528490625	0.617689405821449	0.619117070578176	0.560928428975043	0.566087972187364	0.572356190600339
HALLMARK_UV_RESPONSE_DN	0.45466239539954	0.448657179314641	0.447185380818846	0.460125573470476	0.450095800120646	0.442908474248301	0.426668286876359	0.452303382959377	0.437831821718333	0.444775745734024	0.398499330570377	0.414676500912772	0.451272301030383	0.454027104097603	0.462851998472062	0.455081826937124	0.450382609901593	0.426385313631006
HALLMARK_UV_RESPONSE_UP	0.391441419942363	0.394883473873468	0.401302452202146	0.396755296517706	0.403075924291888	0.407337305863369	0.420525385587077	0.402919189098538	0.414998374467393	0.417380745263657	0.435827320347599	0.429277484511581	0.400210110284356	0.399542188297139	0.40002391409549	0.401583933046888	0.40845398616372	0.420856853154066
HALLMARK_WNT_BETA_CATENIN_SIGNALING	0.299315818432766	0.286094491021668	0.290295874074559	0.280119350620034	0.272264199077318	0.270227206980118	0.304278881947994	0.28902050700737	0.302565508940626	0.277802236401143	0.261656054150715	0.265804968811428	0.266838962479276	0.265514496441875	0.26432956188738	0.272001876812592	0.274413904237371	0.269139075317059
HALLMARK_XENOBIOTIC_METABOLISM	0.306968016017823	0.308460399902666	0.313895335823539	0.305626383687327	0.308198109487492	0.311398272567482	0.337560648215791	0.311232477437844	0.33397699374969	0.320201444015299	0.33156766615424	0.32543119429485	0.292395691696332	0.292728991215558	0.289265460110351	0.291047724280154	0.299705025276153	0.310518294237356
