L	R	pw.id	pw.name	pval	qval	L.logFC	R.logFC	LR.pval	LR.corr	rank	len	rank.pval	rank.corr	LR.score	L.expr	R.expr
TFPI	SDC4	R-HSA-9694516	REACTOME_SARS_COV_2_INFECTION	6.67080375723341e-78	2.7550419517374e-75	3.31174406254337	1.63417409916305	6.49959616903666e-11	1	75	138	0.0216638588277313	1	0	4.68621391636088	5.23242087622174
VEGFA	GPC1	R-HSA-9694516	REACTOME_SARS_COV_2_INFECTION	2.18506400649471e-76	4.51215717341157e-74	2.51819275271687	1.28696254463894	2.1289838769898e-09	1	75	138	0.0216638588277313	1	0	-6.04968498919775	6.14834202091599
TGM2	SDC4	R-HSA-9694516	REACTOME_SARS_COV_2_INFECTION	4.09028619023527e-76	5.63096065522389e-74	1.5827012576575	1.63417409916305	3.98530813074652e-09	1	75	138	0.0216638588277313	1	0	-6.2328466666329	5.23242087622174
COL5A3	SDC3	R-HSA-9694516	REACTOME_SARS_COV_2_INFECTION	2.56794470626856e-75	2.65140290922229e-73	2.63356018922248	1.26544278130942	7.32121745446371e-08	1	75	138	0.0212943040926442	1	0	-5.85123907042386	6.63270735593641
NTN1	ADORA2B	R-HSA-373076	REACTOME_CLASS_A_1_RHODOPSIN_LIKE_RECEPTORS	9.83376464366681e-70	8.12268959566879e-68	1.67227072869075	1.98259938161308	1.4140414242094e-06	1	30	55	0.000940067998882544	1	0	4.30404448107304	-3.54201862050002
IL33	IL1RAP	R-HSA-9006925	REACTOME_INTRACELLULAR_SIGNALING_BY_SECOND_MESSENGERS	1.35528545302632e-65	9.3288815349978e-64	4.63575942467816	1.02233553164245	4.6429260037707e-11	1	85	155	0.0413266073657771	1	0	-5.31143779594275	6.13162786689243
IL36G	IL1RAP	R-HSA-9006925	REACTOME_INTRACELLULAR_SIGNALING_BY_SECOND_MESSENGERS	1.68114202624785e-63	9.91873795486234e-62	7.20663902282049	1.02233553164245	5.75924283129332e-09	1	85	155	0.0413266073657771	1	0	0.0252227415412932	6.13162786689243
VIM	CD44	R-HSA-913531	REACTOME_INTERFERON_SIGNALING	4.61231106506296e-62	2.38110558733875e-60	1.89646300933139	1.81637339142795	9.97612787634629e-12	1	71	130	0.035385365823899	1	0	-1.13692120838461	-4.08809510245456
IL1B	IL1RAP	R-HSA-9006925	REACTOME_INTRACELLULAR_SIGNALING_BY_SECOND_MESSENGERS	6.49584938888251e-62	2.98087310845386e-60	2.42212628748569	1.02233553164245	2.2253428587221e-07	1	85	155	0.0413266073657771	1	0	7.24486957369834	6.13162786689243
HBEGF	CD44	R-HSA-913531	REACTOME_INTERFERON_SIGNALING	1.4989647568408e-61	6.19072444575252e-60	1.80017530899449	1.81637339142795	3.24216296026774e-11	1	71	130	0.035385365823899	1	0	-6.06510449636122	-4.08809510245456
PKM	CD44	R-HSA-913531	REACTOME_INTERFERON_SIGNALING	2.33833338189499e-61	8.77937897020573e-60	1.21052537254941	1.81637339142795	5.05766252671322e-11	1	71	130	0.035385365823899	1	0	1.68820679253154	-4.08809510245456
MMP9	CD44	R-HSA-913531	REACTOME_INTERFERON_SIGNALING	1.25935536208876e-60	4.3342813711888e-59	1.11898391668014	1.81637339142795	2.72390347414443e-10	1	71	130	0.035385365823899	1	0	6.32533384333862	-4.08809510245456
MMP7	CD44	R-HSA-913531	REACTOME_INTERFERON_SIGNALING	1.36324954861184e-59	4.33093895058992e-58	3.10461592645464	1.81637339142795	2.94861982040612e-09	1	71	130	0.035385365823899	1	0	-3.06922912955163	-4.08809510245456
NTN1	ADORA2B	R-HSA-9658195	REACTOME_LEISHMANIA_INFECTION	5.8967349158937e-59	1.62356768017606e-57	1.67227072869075	1.98259938161308	1.4140414242094e-06	1	47	86	0.011969253225067	1	0	4.30404448107304	-3.54201862050002
VEGFA	GPC1	R-HSA-376176	REACTOME_SIGNALING_BY_ROBO_RECEPTORS	5.52201903838254e-59	1.62356768017606e-57	2.51819275271687	1.28696254463894	2.1289838769898e-09	1	44	81	0.0122691381042712	1	0	-6.04968498919775	6.14834202091599
UBA52	MET	R-HSA-9006925	REACTOME_INTRACELLULAR_SIGNALING_BY_SECOND_MESSENGERS	2.12056113136939e-58	5.47369842034724e-57	1.03374250053663	2.13157399158665	4.88236294750373e-08	1	84	154	0.0480871822642454	1	0	5.28296800983504	-4.55862814092069
L1CAM	ITGB3	R-HSA-5683057	REACTOME_MAPK_FAMILY_SIGNALING_CASCADES	4.80494021753141e-58	1.16731782931793e-56	2.25213234059759	1.14622400780734	5.32747410201291e-08	1	68	124	0.0321116248268534	1	0	5.0001756983667	-0.00377059984369221
CSF2	CSF2RA	R-HSA-5683057	REACTOME_MAPK_FAMILY_SIGNALING_CASCADES	7.84046227828681e-58	1.70426890575392e-56	2.75264520465445	3.92075464550707	4.95234612607311e-08	1	67	123	0.0327900117944741	1	0	3.79355755411	0.0357222563558884
UBA52	MET	R-HSA-5683057	REACTOME_MAPK_FAMILY_SIGNALING_CASCADES	7.72966621159045e-58	1.70426890575392e-56	1.03374250053663	2.13157399158665	4.88236294750373e-08	1	67	123	0.0327900117944741	1	0	5.28296800983504	-4.55862814092069
VEGFA	ITGB3	R-HSA-5683057	REACTOME_MAPK_FAMILY_SIGNALING_CASCADES	1.26418387622911e-57	2.61053970441311e-56	2.51819275271687	1.14622400780734	1.4016629876517e-07	1	68	124	0.0321116248268534	1	0	-6.04968498919775	-0.00377059984369221
FYN	CD86	R-HSA-9006925	REACTOME_INTRACELLULAR_SIGNALING_BY_SECOND_MESSENGERS	1.80523028134009e-57	3.55028621996884e-56	1.43397289723215	3.33039223677821	4.33138478171151e-08	1	84	153	0.0480871822642454	1	0	6.31961043281184	-1.68531673356583
CSF2	IL3RA	R-HSA-5683057	REACTOME_MAPK_FAMILY_SIGNALING_CASCADES	2.22782819093282e-57	4.18224110388752e-56	2.75264520465445	3.89973119172573	1.40718441328097e-07	1	67	123	0.0327900117944741	1	0	3.79355755411	7.13661070818751
MFGE8	ITGB3	R-HSA-5683057	REACTOME_MAPK_FAMILY_SIGNALING_CASCADES	2.92891837729746e-57	5.25931865140805e-56	1.31744353592877	1.14622400780734	3.2474362001487e-07	1	68	124	0.0321116248268534	1	0	4.74812359149799	-0.00377059984369221
FYN	CD80	R-HSA-9006925	REACTOME_INTRACELLULAR_SIGNALING_BY_SECOND_MESSENGERS	6.00761376220313e-57	1.03381020157912e-55	1.43397289723215	4.1620595993141	1.44143864043155e-07	1	84	153	0.0480871822642454	1	0	6.31961043281184	-5.06621165195004
CD86	CD80	R-HSA-9006925	REACTOME_INTRACELLULAR_SIGNALING_BY_SECOND_MESSENGERS	1.82510376118316e-56	2.89910712834095e-55	3.33039223677821	4.1620595993141	4.3790682761896e-07	1	84	153	0.0480871822642454	1	0	-1.68531673356583	-5.06621165195004
CD80	CD86	R-HSA-9006925	REACTOME_INTRACELLULAR_SIGNALING_BY_SECOND_MESSENGERS	1.82510376118316e-56	2.89910712834095e-55	4.1620595993141	3.33039223677821	4.3790682761896e-07	1	84	153	0.0480871822642454	1	0	-5.06621165195004	-1.68531673356583
TGM2	ITGB3	R-HSA-5683057	REACTOME_MAPK_FAMILY_SIGNALING_CASCADES	3.51747639649361e-56	5.18827768482808e-55	1.5827012576575	1.14622400780734	3.89999949185401e-06	1	68	124	0.0321116248268534	1	0	-6.2328466666329	-0.00377059984369221
CD274	CD80	R-HSA-9006925	REACTOME_INTRACELLULAR_SIGNALING_BY_SECOND_MESSENGERS	3.40847497685035e-56	5.18827768482808e-55	2.96033716638828	4.1620595993141	8.17813483198094e-07	1	84	153	0.0480871822642454	1	0	0.51936641215919	-5.06621165195004
PLTP	ABCA1	R-HSA-9006931	REACTOME_SIGNALING_BY_NUCLEAR_RECEPTORS	9.70821337486552e-50	1.38258349097223e-48	1.366863739162	2.57262752757659	3.13447920926798e-08	1	68	125	0.0480871822642454	1	0	-0.950808658432889	8.75009070779925
IL33	IL1RAP	R-HSA-446652	REACTOME_INTERLEUKIN_1_FAMILY_SIGNALING	1.10732549145265e-47	1.52441809323314e-46	4.63575942467816	1.02233553164245	4.6429260037707e-11	1	35	65	0.0169326791989775	1	0	-5.31143779594275	6.13162786689243
VEGFA	FLT1	R-HSA-194138	REACTOME_SIGNALING_BY_VEGF	1.52980157375885e-46	2.03809048374969e-45	2.51819275271687	6.7282943709769	3.42666340845018e-13	1	33	60	0.0161817046636713	1	0	-6.04968498919775	7.79222833915784
IL36G	IL1RAP	R-HSA-446652	REACTOME_INTERLEUKIN_1_FAMILY_SIGNALING	1.37356408294634e-45	1.77275614455262e-44	7.20663902282049	1.02233553164245	5.75924283129332e-09	1	35	65	0.0169326791989775	1	0	0.0252227415412932	6.13162786689243
VEGFB	FLT1	R-HSA-194138	REACTOME_SIGNALING_BY_VEGF	2.2828495698314e-45	2.85702082527385e-44	1.48183305277097	6.7282943709769	5.11344557498189e-12	1	33	60	0.0161817046636713	1	0	5.20625413309866	7.79222833915784
IL1B	IL1RAP	R-HSA-446652	REACTOME_INTERLEUKIN_1_FAMILY_SIGNALING	5.3073834747395e-44	6.44690992666887e-43	2.42212628748569	1.02233553164245	2.2253428587221e-07	1	35	65	0.0169326791989775	1	0	7.24486957369834	6.13162786689243
SEMA3F	NRP2	R-HSA-194138	REACTOME_SIGNALING_BY_VEGF	8.44956346502025e-44	9.97048488872389e-43	4.66657475894884	3.66842569442571	1.89265133724634e-10	1	33	60	0.0161817046636713	1	0	0.740036471397357	3.77318457459539
UBA52	TGFBR1	R-HSA-9006936	REACTOME_SIGNALING_BY_TGFB_FAMILY_MEMBERS	1.63579532644492e-43	1.87662074950486e-42	1.03374250053663	1.12059925062153	1.02047925114769e-05	1	53	97	0.0359652589537611	1	0	5.28296800983504	3.08901402907691
COL5A3	SDC3	R-HSA-1630316	REACTOME_GLYCOSAMINOGLYCAN_METABOLISM	2.56531116475952e-43	2.78808818696233e-42	2.63356018922248	1.26544278130942	7.32121745446371e-08	1	15	29	0.00129068167275909	1	0	-5.85123907042386	6.63270735593641
COL5A3	SDC3	R-HSA-71387	REACTOME_METABOLISM_OF_CARBOHYDRATES	2.56531116475952e-43	2.78808818696233e-42	2.63356018922248	1.26544278130942	7.32121745446371e-08	1	15	29	0.00129068167275909	1	0	-5.85123907042386	6.63270735593641
L1CAM	ITGB3	R-HSA-9006936	REACTOME_SIGNALING_BY_TGFB_FAMILY_MEMBERS	5.04581801116684e-43	5.34339189387668e-42	2.25213234059759	1.14622400780734	5.32747410201291e-08	1	51	94	0.0404924865703258	1	0	5.0001756983667	-0.00377059984369221
VEGFA	ITGB3	R-HSA-9006936	REACTOME_SIGNALING_BY_TGFB_FAMILY_MEMBERS	1.32755902952331e-42	1.37070469798282e-41	2.51819275271687	1.14622400780734	1.4016629876517e-07	1	51	94	0.0404924865703258	1	0	-6.04968498919775	-0.00377059984369221
UBA52	MET	R-HSA-2219528	REACTOME_PI3K_AKT_SIGNALING_IN_CANCER	1.74876707270527e-42	1.76156292933482e-41	1.03374250053663	2.13157399158665	4.88236294750373e-08	1	26	49	0.00986338701851804	1	0	5.28296800983504	-4.55862814092069
MFGE8	ITGB3	R-HSA-9006936	REACTOME_SIGNALING_BY_TGFB_FAMILY_MEMBERS	3.0757487985975e-42	3.02448631862088e-41	1.31744353592877	1.14622400780734	3.2474362001487e-07	1	51	94	0.0404924865703258	1	0	4.74812359149799	-0.00377059984369221
VEGFA	NRP2	R-HSA-194138	REACTOME_SIGNALING_BY_VEGF	3.29030412924578e-42	3.16022233808955e-41	2.51819275271687	3.66842569442571	7.37008312434666e-09	1	33	60	0.0161817046636713	1	0	-6.04968498919775	3.77318457459539
IL33	IL1RAP	R-HSA-9020702	REACTOME_INTERLEUKIN_1_SIGNALING	4.86817809396108e-42	4.56944898364983e-41	4.63575942467816	1.02233553164245	4.6429260037707e-11	1	29	54	0.0169326791989775	1	0	-5.31143779594275	6.13162786689243
TGM2	ITGB3	R-HSA-9006936	REACTOME_SIGNALING_BY_TGFB_FAMILY_MEMBERS	3.69381198345069e-41	3.3900985537003e-40	1.5827012576575	1.14622400780734	3.89999949185401e-06	1	51	94	0.0404924865703258	1	0	-6.2328466666329	-0.00377059984369221
UBA52	MET	R-HSA-9730414	REACTOME_MITF_M_REGULATED_MELANOCYTE_DEVELOPMENT	5.68339672232533e-41	5.10270183982687e-40	1.03374250053663	2.13157399158665	4.88236294750373e-08	1	36	67	0.0242306980022593	1	0	5.28296800983504	-4.55862814092069
L1CAM	ITGB3	R-HSA-194138	REACTOME_SIGNALING_BY_VEGF	1.84274313297291e-40	1.61926151897407e-39	2.25213234059759	1.14622400780734	5.32747410201291e-08	1	31	58	0.0182374004975249	1	0	5.0001756983667	-0.00377059984369221
VEGFA	ITGB3	R-HSA-194138	REACTOME_SIGNALING_BY_VEGF	4.84827292592852e-40	4.17153483001766e-39	2.51819275271687	1.14622400780734	1.4016629876517e-07	1	31	58	0.0182374004975249	1	0	-6.04968498919775	-0.00377059984369221
IL36G	IL1RAP	R-HSA-9020702	REACTOME_INTERLEUKIN_1_SIGNALING	6.03865316103134e-40	5.08972195001213e-39	7.20663902282049	1.02233553164245	5.75924283129332e-09	1	29	54	0.0169326791989775	1	0	0.0252227415412932	6.13162786689243
MFGE8	ITGB3	R-HSA-194138	REACTOME_SIGNALING_BY_VEGF	1.12326979784484e-39	9.27820853019837e-39	1.31744353592877	1.14622400780734	3.2474362001487e-07	1	31	58	0.0182374004975249	1	0	4.74812359149799	-0.00377059984369221
L1CAM	ITGB3	R-HSA-170834	REACTOME_SIGNALING_BY_TGF_BETA_RECEPTOR_COMPLEX	3.33042872754948e-39	2.69699424407438e-38	2.25213234059759	1.14622400780734	5.32747410201291e-08	1	34	62	0.0212279692042891	1	0	5.0001756983667	-0.00377059984369221
VEGFA	ITGB3	R-HSA-170834	REACTOME_SIGNALING_BY_TGF_BETA_RECEPTOR_COMPLEX	8.7623864349791e-39	6.95935691855071e-38	2.51819275271687	1.14622400780734	1.4016629876517e-07	1	34	62	0.0212279692042891	1	0	-6.04968498919775	-0.00377059984369221
TGM2	ITGB3	R-HSA-194138	REACTOME_SIGNALING_BY_VEGF	1.34898774627481e-38	1.0511923381349e-37	1.5827012576575	1.14622400780734	3.89999949185401e-06	1	31	58	0.0182374004975249	1	0	-6.2328466666329	-0.00377059984369221
MFGE8	ITGB3	R-HSA-170834	REACTOME_SIGNALING_BY_TGF_BETA_RECEPTOR_COMPLEX	2.03010931724153e-38	1.55265768151991e-37	1.31744353592877	1.14622400780734	3.2474362001487e-07	1	34	62	0.0212279692042891	1	0	4.74812359149799	-0.00377059984369221
IL1B	IL1RAP	R-HSA-9020702	REACTOME_INTERLEUKIN_1_SIGNALING	2.33330562399347e-38	1.752100404926e-37	2.42212628748569	1.02233553164245	2.2253428587221e-07	1	29	54	0.0169326791989775	1	0	7.24486957369834	6.13162786689243
TGM2	ITGB3	R-HSA-170834	REACTOME_SIGNALING_BY_TGF_BETA_RECEPTOR_COMPLEX	2.43805415031326e-37	1.79806493585603e-36	1.5827012576575	1.14622400780734	3.89999949185401e-06	1	34	62	0.0212279692042891	1	0	-6.2328466666329	-0.00377059984369221
UBA52	TGFBR1	R-HSA-170834	REACTOME_SIGNALING_BY_TGF_BETA_RECEPTOR_COMPLEX	2.94306732559338e-37	2.13243299205275e-36	1.03374250053663	1.12059925062153	1.02047925114769e-05	1	35	65	0.0249134528975226	1	0	5.28296800983504	3.08901402907691
L1CAM	ITGB3	R-HSA-76002	REACTOME_PLATELET_ACTIVATION_SIGNALING_AND_AGGREGATION	4.94852863052366e-37	3.52369366276943e-36	2.25213234059759	1.14622400780734	5.32747410201291e-08	1	35	65	0.0301879832561912	1	0	5.0001756983667	-0.00377059984369221
VEGFA	ITGB3	R-HSA-76002	REACTOME_PLATELET_ACTIVATION_SIGNALING_AND_AGGREGATION	1.30196211035902e-36	9.11373477251314e-36	2.51819275271687	1.14622400780734	1.4016629876517e-07	1	35	65	0.0301879832561912	1	0	-6.04968498919775	-0.00377059984369221
MFGE8	ITGB3	R-HSA-76002	REACTOME_PLATELET_ACTIVATION_SIGNALING_AND_AGGREGATION	3.01644469865428e-36	2.07631943424036e-35	1.31744353592877	1.14622400780734	3.2474362001487e-07	1	35	65	0.0301879832561912	1	0	4.74812359149799	-0.00377059984369221
NTN1	ADORA2B	R-HSA-418555	REACTOME_G_ALPHA_S_SIGNALLING_EVENTS	3.91399715226331e-36	2.64996856374549e-35	1.67227072869075	1.98259938161308	1.4140414242094e-06	1	19	35	0.00495922221917773	1	0	4.30404448107304	-3.54201862050002
TGM2	ITGB3	R-HSA-76002	REACTOME_PLATELET_ACTIVATION_SIGNALING_AND_AGGREGATION	3.62259088921246e-35	2.41311296329798e-34	1.5827012576575	1.14622400780734	3.89999949185401e-06	1	35	65	0.0301879832561912	1	0	-6.2328466666329	-0.00377059984369221
PLTP	ABCA1	R-HSA-400206	REACTOME_REGULATION_OF_LIPID_METABOLISM_BY_PPARALPHA	6.05137577173385e-35	3.96701300591441e-34	1.366863739162	2.57262752757659	3.13447920926798e-08	1	29	54	0.0249134528975226	1	0	-0.950808658432889	8.75009070779925
UBA52	MET	R-HSA-199418	REACTOME_NEGATIVE_REGULATION_OF_THE_PI3K_AKT_NETWORK	6.72622246622489e-35	4.34051543523575e-34	1.03374250053663	2.13157399158665	4.88236294750373e-08	1	24	44	0.0138466568935789	1	0	5.28296800983504	-4.55862814092069
VIM	CD44	R-HSA-1474244	REACTOME_EXTRACELLULAR_MATRIX_ORGANIZATION	1.24817471166769e-34	7.93071009105781e-34	1.89646300933139	1.81637339142795	9.97612787634629e-12	1	24	45	0.0249188256216457	1	0	-1.13692120838461	-4.08809510245456
FYN	CD86	R-HSA-2219528	REACTOME_PI3K_AKT_SIGNALING_IN_CANCER	2.80682117864726e-34	1.75638961633533e-33	1.43397289723215	3.33039223677821	4.33138478171151e-08	1	25	47	0.0197604307241714	1	0	6.31961043281184	-1.68531673356583
HBEGF	CD44	R-HSA-1474244	REACTOME_EXTRACELLULAR_MATRIX_ORGANIZATION	4.05646947219564e-34	2.50048043584597e-33	1.80017530899449	1.81637339142795	3.24216296026774e-11	1	24	45	0.0249188256216457	1	0	-6.06510449636122	-4.08809510245456
PKM	CD44	R-HSA-1474244	REACTOME_EXTRACELLULAR_MATRIX_ORGANIZATION	6.32795263276519e-34	3.84330064313533e-33	1.21052537254941	1.81637339142795	5.05766252671322e-11	1	24	45	0.0249188256216457	1	0	1.68820679253154	-4.08809510245456
UBA52	TGFBR1	R-HSA-5688426	REACTOME_DEUBIQUITINATION	9.24814132101031e-34	5.51107282652965e-33	1.03374250053663	1.12059925062153	1.02047925114769e-05	1	79	144	0.0980677185078914	1	0	5.28296800983504	3.08901402907691
FYN	CD80	R-HSA-2219528	REACTOME_PI3K_AKT_SIGNALING_IN_CANCER	9.34080140089771e-34	5.51107282652965e-33	1.43397289723215	4.1620595993141	1.44143864043155e-07	1	25	47	0.0197604307241714	1	0	6.31961043281184	-5.06621165195004
CD86	CD80	R-HSA-2219528	REACTOME_PI3K_AKT_SIGNALING_IN_CANCER	2.83772100605075e-33	1.62774829930411e-32	3.33039223677821	4.1620595993141	4.3790682761896e-07	1	25	47	0.0197604307241714	1	0	-1.68531673356583	-5.06621165195004
CD80	CD86	R-HSA-2219528	REACTOME_PI3K_AKT_SIGNALING_IN_CANCER	2.83772100605075e-33	1.62774829930411e-32	4.1620595993141	3.33039223677821	4.3790682761896e-07	1	25	47	0.0197604307241714	1	0	-5.06621165195004	-1.68531673356583
MMP9	CD44	R-HSA-1474244	REACTOME_EXTRACELLULAR_MATRIX_ORGANIZATION	3.40804315621509e-33	1.92811208700936e-32	1.11898391668014	1.81637339142795	2.72390347414443e-10	1	24	45	0.0249188256216457	1	0	6.32533384333862	-4.08809510245456
CD274	CD80	R-HSA-2219528	REACTOME_PI3K_AKT_SIGNALING_IN_CANCER	5.29958967052717e-33	2.95774396476719e-32	2.96033716638828	4.1620595993141	8.17813483198094e-07	1	25	47	0.0197604307241714	1	0	0.51936641215919	-5.06621165195004
TFPI	SDC4	R-HSA-1474244	REACTOME_EXTRACELLULAR_MATRIX_ORGANIZATION	5.63297020430374e-33	3.10188892583659e-32	3.31174406254337	1.63417409916305	6.49959616903666e-11	1	25	47	0.0301879832561912	1	0	4.68621391636088	5.23242087622174
MMP7	CD44	R-HSA-1474244	REACTOME_EXTRACELLULAR_MATRIX_ORGANIZATION	3.68919959704945e-32	2.00478872839661e-31	3.10461592645464	1.81637339142795	2.94861982040612e-09	1	24	45	0.0249188256216457	1	0	-3.06922912955163	-4.08809510245456
APOE	LDLR	R-HSA-8856828	REACTOME_CLATHRIN_MEDIATED_ENDOCYTOSIS	7.97153940385788e-32	4.27564386206922e-31	2.42712935704449	3.63049014703745	4.53551096302575e-12	1	45	82	0.0796908168485779	1	0	4.80768600010498	4.8050403030526
L1CAM	ITGB3	R-HSA-1474244	REACTOME_EXTRACELLULAR_MATRIX_ORGANIZATION	1.18887428726349e-31	6.29493693127978e-31	2.25213234059759	1.14622400780734	5.32747410201291e-08	1	26	48	0.0249188256216457	1	0	5.0001756983667	-0.00377059984369221
VEGFA	ITGB3	R-HSA-1474244	REACTOME_EXTRACELLULAR_MATRIX_ORGANIZATION	3.1279384066802e-31	1.63523868602395e-30	2.51819275271687	1.14622400780734	1.4016629876517e-07	1	26	48	0.0249188256216457	1	0	-6.04968498919775	-0.00377059984369221
TGM2	SDC4	R-HSA-1474244	REACTOME_EXTRACELLULAR_MATRIX_ORGANIZATION	3.45392565501371e-31	1.78308911940083e-30	1.5827012576575	1.63417409916305	3.98530813074652e-09	1	25	47	0.0301879832561912	1	0	-6.2328466666329	5.23242087622174
MFGE8	ITGB3	R-HSA-1474244	REACTOME_EXTRACELLULAR_MATRIX_ORGANIZATION	7.24694916194282e-31	3.69504938750912e-30	1.31744353592877	1.14622400780734	3.2474362001487e-07	1	26	48	0.0249188256216457	1	0	4.74812359149799	-0.00377059984369221
FYN	CD86	R-HSA-199418	REACTOME_NEGATIVE_REGULATION_OF_THE_PI3K_AKT_NETWORK	1.20754431793984e-30	6.08190004035555e-30	1.43397289723215	3.33039223677821	4.33138478171151e-08	1	23	42	0.0197604307241714	1	0	6.31961043281184	-1.68531673356583
UBA52	MET	R-HSA-2219530	REACTOME_CONSTITUTIVE_SIGNALING_BY_ABERRANT_PI3K_IN_CANCER	2.70508918330744e-30	1.34602630446502e-29	1.03374250053663	2.13157399158665	4.88236294750373e-08	1	15	29	0.00986338701851804	1	0	5.28296800983504	-4.55862814092069
FYN	CD80	R-HSA-199418	REACTOME_NEGATIVE_REGULATION_OF_THE_PI3K_AKT_NETWORK	4.01857864778356e-30	1.97580116849358e-29	1.43397289723215	4.1620595993141	1.44143864043155e-07	1	23	42	0.0197604307241714	1	0	6.31961043281184	-5.06621165195004
COL5A3	SDC3	R-HSA-1474244	REACTOME_EXTRACELLULAR_MATRIX_ORGANIZATION	4.44726294074876e-30	2.1608465817991e-29	2.63356018922248	1.26544278130942	7.32121745446371e-08	1	24	44	0.0232733498224413	1	0	-5.85123907042386	6.63270735593641
TFPI	SDC4	R-HSA-1630316	REACTOME_GLYCOSAMINOGLYCAN_METABOLISM	8.33472386507497e-30	3.9565988003172e-29	3.31174406254337	1.63417409916305	6.49959616903666e-11	1	15	29	0.0166312715937168	1	0	4.68621391636088	5.23242087622174
TFPI	SDC4	R-HSA-71387	REACTOME_METABOLISM_OF_CARBOHYDRATES	8.33472386507497e-30	3.9565988003172e-29	3.31174406254337	1.63417409916305	6.49959616903666e-11	1	15	29	0.0166312715937168	1	0	4.68621391636088	5.23242087622174
TGM2	ITGB3	R-HSA-1474244	REACTOME_EXTRACELLULAR_MATRIX_ORGANIZATION	8.70320348334317e-30	4.08457163479628e-29	1.5827012576575	1.14622400780734	3.89999949185401e-06	1	26	48	0.0249188256216457	1	0	-6.2328466666329	-0.00377059984369221
CD86	CD80	R-HSA-199418	REACTOME_NEGATIVE_REGULATION_OF_THE_PI3K_AKT_NETWORK	1.2208379724449e-29	5.60228980688603e-29	3.33039223677821	4.1620595993141	4.3790682761896e-07	1	23	42	0.0197604307241714	1	0	-1.68531673356583	-5.06621165195004
CD80	CD86	R-HSA-199418	REACTOME_NEGATIVE_REGULATION_OF_THE_PI3K_AKT_NETWORK	1.2208379724449e-29	5.60228980688603e-29	4.1620595993141	3.33039223677821	4.3790682761896e-07	1	23	42	0.0197604307241714	1	0	-5.06621165195004	-1.68531673356583
UBA52	LDLR	R-HSA-8856828	REACTOME_CLATHRIN_MEDIATED_ENDOCYTOSIS	1.23749767904691e-29	5.61633562028984e-29	1.03374250053663	3.63049014703745	7.04090390285207e-10	1	45	82	0.0796908168485779	1	0	5.28296800983504	4.8050403030526
CD274	CD80	R-HSA-199418	REACTOME_NEGATIVE_REGULATION_OF_THE_PI3K_AKT_NETWORK	2.27997759270934e-29	1.02351168020539e-28	2.96033716638828	4.1620595993141	8.17813483198094e-07	1	23	42	0.0197604307241714	1	0	0.51936641215919	-5.06621165195004
APOE	LDLR	R-HSA-174824	REACTOME_PLASMA_LIPOPROTEIN_ASSEMBLY_REMODELING_AND_CLEARANCE	3.47495325598135e-29	1.54317816636591e-28	2.42712935704449	3.63049014703745	4.53551096302575e-12	1	11	21	0.0087680542882829	1	0	4.80768600010498	4.8050403030526
VEGFA	GPC1	R-HSA-1630316	REACTOME_GLYCOSAMINOGLYCAN_METABOLISM	2.73009157283332e-28	1.18687138903175e-27	2.51819275271687	1.28696254463894	2.1289838769898e-09	1	15	29	0.0166312715937168	1	0	-6.04968498919775	6.14834202091599
VEGFA	GPC1	R-HSA-71387	REACTOME_METABOLISM_OF_CARBOHYDRATES	2.73009157283332e-28	1.18687138903175e-27	2.51819275271687	1.28696254463894	2.1289838769898e-09	1	15	29	0.0166312715937168	1	0	-6.04968498919775	6.14834202091599
TGM2	SDC4	R-HSA-1630316	REACTOME_GLYCOSAMINOGLYCAN_METABOLISM	5.11053947401374e-28	2.17593072450276e-27	1.5827012576575	1.63417409916305	3.98530813074652e-09	1	15	29	0.0166312715937168	1	0	-6.2328466666329	5.23242087622174
TGM2	SDC4	R-HSA-71387	REACTOME_METABOLISM_OF_CARBOHYDRATES	5.11053947401374e-28	2.17593072450276e-27	1.5827012576575	1.63417409916305	3.98530813074652e-09	1	15	29	0.0166312715937168	1	0	-6.2328466666329	5.23242087622174
UBA52	LDLR	R-HSA-174824	REACTOME_PLASMA_LIPOPROTEIN_ASSEMBLY_REMODELING_AND_CLEARANCE	5.39449957055009e-27	2.27339624758897e-26	1.03374250053663	3.63049014703745	7.04090390285207e-10	1	11	21	0.0087680542882829	1	0	5.28296800983504	4.8050403030526
PLTP	ABCA1	R-HSA-174824	REACTOME_PLASMA_LIPOPROTEIN_ASSEMBLY_REMODELING_AND_CLEARANCE	8.00189904460011e-27	3.33816596507055e-26	1.366863739162	2.57262752757659	3.13447920926798e-08	1	12	23	0.0087680542882829	1	0	-0.950808658432889	8.75009070779925
UBA52	MET	R-HSA-9856651	REACTOME_MITF_M_DEPENDENT_GENE_EXPRESSION	3.42065275947199e-26	1.41272958966193e-25	1.03374250053663	2.13157399158665	4.88236294750373e-08	1	23	42	0.0332740840003162	1	0	5.28296800983504	-4.55862814092069
NTN1	ADORA2B	R-HSA-9662851	REACTOME_ANTI_INFLAMMATORY_RESPONSE_FAVOURING_LEISHMANIA_PARASITE_INFECTION	3.61865898773598e-26	1.47970907122273e-25	1.67227072869075	1.98259938161308	1.4140414242094e-06	1	16	30	0.0142450865685789	1	0	4.30404448107304	-3.54201862050002
UBA52	MET	R-HSA-9824439	REACTOME_BACTERIAL_INFECTION_PATHWAYS	3.83244427544369e-26	1.55176420172377e-25	1.03374250053663	2.13157399158665	4.88236294750373e-08	1	13	24	0.00909694834903626	1	0	5.28296800983504	-4.55862814092069
UBA52	TGFBR1	R-HSA-5689880	REACTOME_UB_SPECIFIC_PROCESSING_PROTEASES	5.47282036299326e-26	2.19444156302545e-25	1.03374250053663	1.12059925062153	1.02047925114769e-05	1	56	102	0.0984474123217606	1	0	5.28296800983504	3.08901402907691
TFPI	SDC4	R-HSA-196854	REACTOME_METABOLISM_OF_VITAMINS_AND_COFACTORS	6.28199655111838e-26	2.4709186434399e-25	3.31174406254337	1.63417409916305	6.49959616903666e-11	1	5	10	0.00129068167275909	1	0	4.68621391636088	5.23242087622174
TFPI	VLDLR	R-HSA-174824	REACTOME_PLASMA_LIPOPROTEIN_ASSEMBLY_REMODELING_AND_CLEARANCE	6.24921116570297e-26	2.4709186434399e-25	3.31174406254337	2.09707459089542	5.02914029218135e-09	1	12	22	0.00860761125196529	1	0	4.68621391636088	3.21723806388731
L1CAM	ITGB3	R-HSA-2173789	REACTOME_TGF_BETA_RECEPTOR_SIGNALING_ACTIVATES_SMADS	7.50135470237984e-26	2.92269763404045e-25	2.25213234059759	1.14622400780734	5.32747410201291e-08	1	18	33	0.0212279692042891	1	0	5.0001756983667	-0.00377059984369221
CSF2	CSF2RA	R-HSA-512988	REACTOME_INTERLEUKIN_3_INTERLEUKIN_5_AND_GM_CSF_SIGNALING	8.08631179818727e-26	3.12116520808537e-25	2.75264520465445	3.92075464550707	4.95234612607311e-08	1	15	29	0.0197604307241714	1	0	3.79355755411	0.0357222563558884
VEGFA	ITGB3	R-HSA-2173789	REACTOME_TGF_BETA_RECEPTOR_SIGNALING_ACTIVATES_SMADS	1.97361283081604e-25	7.54724165858355e-25	2.51819275271687	1.14622400780734	1.4016629876517e-07	1	18	33	0.0212279692042891	1	0	-6.04968498919775	-0.00377059984369221
CSF2	IL3RA	R-HSA-512988	REACTOME_INTERLEUKIN_3_INTERLEUKIN_5_AND_GM_CSF_SIGNALING	2.29768510392102e-25	8.7059077790769e-25	2.75264520465445	3.89973119172573	1.40718441328097e-07	1	15	29	0.0197604307241714	1	0	3.79355755411	7.13661070818751
APOE	VLDLR	R-HSA-174824	REACTOME_PLASMA_LIPOPROTEIN_ASSEMBLY_REMODELING_AND_CLEARANCE	3.58663363454359e-25	1.34661790096955e-24	2.42712935704449	2.09707459089542	2.88639369777913e-08	1	12	22	0.00860761125196529	1	0	4.80768600010498	3.21723806388731
MFGE8	ITGB3	R-HSA-2173789	REACTOME_TGF_BETA_RECEPTOR_SIGNALING_ACTIVATES_SMADS	4.57255546328416e-25	1.70132018588861e-24	1.31744353592877	1.14622400780734	3.2474362001487e-07	1	18	33	0.0212279692042891	1	0	4.74812359149799	-0.00377059984369221
COL5A3	SDC3	R-HSA-1638091	REACTOME_HEPARAN_SULFATE_HEPARIN_HS_GAG_METABOLISM	7.44543794711384e-25	2.74550524299823e-24	2.63356018922248	1.26544278130942	7.32121745446371e-08	1	7	13	0.00129068167275909	1	0	-5.85123907042386	6.63270735593641
FYN	CD86	R-HSA-2219530	REACTOME_CONSTITUTIVE_SIGNALING_BY_ABERRANT_PI3K_IN_CANCER	9.44116967961814e-25	3.4506221926392e-24	1.43397289723215	3.33039223677821	4.33138478171151e-08	1	14	27	0.0197604307241714	1	0	6.31961043281184	-1.68531673356583
L1CAM	ITGB3	R-HSA-6802952	REACTOME_SIGNALING_BY_BRAF_AND_RAF1_FUSIONS	1.47108219840183e-24	5.329446911754e-24	2.25213234059759	1.14622400780734	5.32747410201291e-08	1	15	28	0.019140457679531	1	0	5.0001756983667	-0.00377059984369221
VEGFA	GPC1	R-HSA-196854	REACTOME_METABOLISM_OF_VITAMINS_AND_COFACTORS	2.05770774442111e-24	7.38985476909496e-24	2.51819275271687	1.28696254463894	2.1289838769898e-09	1	5	10	0.00129068167275909	1	0	-6.04968498919775	6.14834202091599
FYN	CD80	R-HSA-2219530	REACTOME_CONSTITUTIVE_SIGNALING_BY_ABERRANT_PI3K_IN_CANCER	3.14192053417497e-24	1.11863205225367e-23	1.43397289723215	4.1620595993141	1.44143864043155e-07	1	14	27	0.0197604307241714	1	0	6.31961043281184	-5.06621165195004
TGM2	SDC4	R-HSA-196854	REACTOME_METABOLISM_OF_VITAMINS_AND_COFACTORS	3.85188422193995e-24	1.35465044115356e-23	1.5827012576575	1.63417409916305	3.98530813074652e-09	1	5	10	0.00129068167275909	1	0	-6.2328466666329	5.23242087622174
VEGFA	ITGB3	R-HSA-6802952	REACTOME_SIGNALING_BY_BRAF_AND_RAF1_FUSIONS	3.87042983186732e-24	1.35465044115356e-23	2.51819275271687	1.14622400780734	1.4016629876517e-07	1	15	28	0.019140457679531	1	0	-6.04968498919775	-0.00377059984369221
TGM2	ITGB3	R-HSA-2173789	REACTOME_TGF_BETA_RECEPTOR_SIGNALING_ACTIVATES_SMADS	5.49139779327025e-24	1.90583805766438e-23	1.5827012576575	1.14622400780734	3.89999949185401e-06	1	18	33	0.0212279692042891	1	0	-6.2328466666329	-0.00377059984369221
MFGE8	ITGB3	R-HSA-6802952	REACTOME_SIGNALING_BY_BRAF_AND_RAF1_FUSIONS	8.96718687506979e-24	3.0607009747139e-23	1.31744353592877	1.14622400780734	3.2474362001487e-07	1	15	28	0.019140457679531	1	0	4.74812359149799	-0.00377059984369221
L1CAM	ITGB3	R-HSA-6802957	REACTOME_ONCOGENIC_MAPK_SIGNALING	8.95665119790312e-24	3.0607009747139e-23	2.25213234059759	1.14622400780734	5.32747410201291e-08	1	18	33	0.0288473216795275	1	0	5.0001756983667	-0.00377059984369221
CD86	CD80	R-HSA-2219530	REACTOME_CONSTITUTIVE_SIGNALING_BY_ABERRANT_PI3K_IN_CANCER	9.54510594595623e-24	3.20498272819506e-23	3.33039223677821	4.1620595993141	4.3790682761896e-07	1	14	27	0.0197604307241714	1	0	-1.68531673356583	-5.06621165195004
CD80	CD86	R-HSA-2219530	REACTOME_CONSTITUTIVE_SIGNALING_BY_ABERRANT_PI3K_IN_CANCER	9.54510594595623e-24	3.20498272819506e-23	4.1620595993141	3.33039223677821	4.3790682761896e-07	1	14	27	0.0197604307241714	1	0	-5.06621165195004	-1.68531673356583
CD274	CD80	R-HSA-2219530	REACTOME_CONSTITUTIVE_SIGNALING_BY_ABERRANT_PI3K_IN_CANCER	1.7825975410344e-23	5.93719987457423e-23	2.96033716638828	4.1620595993141	8.17813483198094e-07	1	14	27	0.0197604307241714	1	0	0.51936641215919	-5.06621165195004
VEGFA	ITGB3	R-HSA-6802957	REACTOME_ONCOGENIC_MAPK_SIGNALING	2.35650258208925e-23	7.78588453122289e-23	2.51819275271687	1.14622400780734	1.4016629876517e-07	1	18	33	0.0288473216795275	1	0	-6.04968498919775	-0.00377059984369221
COL5A3	SDC3	R-HSA-196854	REACTOME_METABOLISM_OF_VITAMINS_AND_COFACTORS	4.56232643427507e-23	1.49542922012349e-22	2.63356018922248	1.26544278130942	7.32121745446371e-08	1	5	10	0.00119957792881947	1	0	-5.85123907042386	6.63270735593641
MFGE8	ITGB3	R-HSA-6802957	REACTOME_ONCOGENIC_MAPK_SIGNALING	5.45965175526354e-23	1.77546155505814e-22	1.31744353592877	1.14622400780734	3.2474362001487e-07	1	18	33	0.0288473216795275	1	0	4.74812359149799	-0.00377059984369221
TGM2	ITGB3	R-HSA-6802952	REACTOME_SIGNALING_BY_BRAF_AND_RAF1_FUSIONS	1.07691181906917e-22	3.47472329121537e-22	1.5827012576575	1.14622400780734	3.89999949185401e-06	1	15	28	0.019140457679531	1	0	-6.2328466666329	-0.00377059984369221
SEMA3F	NRP2	R-HSA-373760	REACTOME_L1CAM_INTERACTIONS	1.46038670632846e-22	4.67550162568726e-22	4.66657475894884	3.66842569442571	1.89265133724634e-10	1	22	41	0.0716192171688972	1	0	0.740036471397357	3.77318457459539
COL5A3	SDC3	R-HSA-2024096	REACTOME_HS_GAG_DEGRADATION	1.55502231603657e-22	4.94018628094695e-22	2.63356018922248	1.26544278130942	7.32121745446371e-08	1	6	11	0.00129068167275909	1	0	-5.85123907042386	6.63270735593641
TGM2	ITGB3	R-HSA-6802957	REACTOME_ONCOGENIC_MAPK_SIGNALING	6.5567536231359e-22	2.06712919569094e-21	1.5827012576575	1.14622400780734	3.89999949185401e-06	1	18	33	0.0288473216795275	1	0	-6.2328466666329	-0.00377059984369221
KITLG	EPOR	R-HSA-9006335	REACTOME_SIGNALING_BY_ERYTHROPOIETIN	1.01815940042643e-21	3.18560479072814e-21	1.22973244995479	2.92580865924626	1.29731672218352e-09	1	10	19	0.0199559188541133	1	0	5.10716329389859	1.07159232192275
UBA52	MET	R-HSA-373755	REACTOME_SEMAPHORIN_INTERACTIONS	4.00585961784826e-21	1.24392482870025e-20	1.03374250053663	2.13157399158665	4.88236294750373e-08	1	18	33	0.0431051345288802	1	0	5.28296800983504	-4.55862814092069
VEGFA	NRP2	R-HSA-373760	REACTOME_L1CAM_INTERACTIONS	5.68682208260882e-21	1.75272949262496e-20	2.51819275271687	3.66842569442571	7.37008312434666e-09	1	22	41	0.0716192171688972	1	0	-6.04968498919775	3.77318457459539
COL5A3	SDC3	R-HSA-2187338	REACTOME_VISUAL_PHOTOTRANSDUCTION	1.46374356546288e-20	4.44504479806008e-20	2.63356018922248	1.26544278130942	7.32121745446371e-08	1	4	8	0.00129068167275909	1	0	-5.85123907042386	6.63270735593641
COL5A3	SDC3	R-HSA-6806667	REACTOME_METABOLISM_OF_FAT_SOLUBLE_VITAMINS	1.46374356546288e-20	4.44504479806008e-20	2.63356018922248	1.26544278130942	7.32121745446371e-08	1	4	8	0.00129068167275909	1	0	-5.85123907042386	6.63270735593641
L1CAM	ITGB3	R-HSA-202733	REACTOME_CELL_SURFACE_INTERACTIONS_AT_THE_VASCULAR_WALL	7.04080693290181e-20	2.12252063013755e-19	2.25213234059759	1.14622400780734	5.32747410201291e-08	1	15	29	0.0503101942218307	1	0	5.0001756983667	-0.00377059984369221
APOE	LDLR	R-HSA-196854	REACTOME_METABOLISM_OF_VITAMINS_AND_COFACTORS	8.54976362294404e-20	2.55873360599702e-19	2.42712935704449	3.63049014703745	4.53551096302575e-12	1	4	9	0.0249188256216457	1	0	4.80768600010498	4.8050403030526
UBA52	TGFBR1	R-HSA-2173788	REACTOME_DOWNREGULATION_OF_TGF_BETA_RECEPTOR_SIGNALING	1.03046406727004e-19	3.06173855958652e-19	1.03374250053663	1.12059925062153	1.02047925114769e-05	1	12	22	0.015935541922129	1	0	5.28296800983504	3.08901402907691
UBA52	TGFBR1	R-HSA-2173789	REACTOME_TGF_BETA_RECEPTOR_SIGNALING_ACTIVATES_SMADS	1.06575134420861e-19	3.14396646541539e-19	1.03374250053663	1.12059925062153	1.02047925114769e-05	1	15	29	0.0359613986916081	1	0	5.28296800983504	3.08901402907691
VEGFA	ITGB3	R-HSA-202733	REACTOME_CELL_SURFACE_INTERACTIONS_AT_THE_VASCULAR_WALL	1.85244231920736e-19	5.42594806973503e-19	2.51819275271687	1.14622400780734	1.4016629876517e-07	1	15	29	0.0503101942218307	1	0	-6.04968498919775	-0.00377059984369221
VIM	CD44	R-HSA-1630316	REACTOME_GLYCOSAMINOGLYCAN_METABOLISM	3.40014610237474e-19	9.75180791861643e-19	1.89646300933139	1.81637339142795	9.97612787634629e-12	1	2	4	0.00204352789377218	1	0	-1.13692120838461	-4.08809510245456
VIM	CD44	R-HSA-2142845	REACTOME_HYALURONAN_METABOLISM	3.40014610237474e-19	9.75180791861643e-19	1.89646300933139	1.81637339142795	9.97612787634629e-12	1	2	4	0.00204352789377218	1	0	-1.13692120838461	-4.08809510245456
VIM	CD44	R-HSA-2160916	REACTOME_HYALURONAN_UPTAKE_AND_DEGRADATION	3.40014610237474e-19	9.75180791861643e-19	1.89646300933139	1.81637339142795	9.97612787634629e-12	1	2	4	0.00204352789377218	1	0	-1.13692120838461	-4.08809510245456
PLTP	ABCA1	R-HSA-9024446	REACTOME_NR1H2_AND_NR1H3_MEDIATED_SIGNALING	3.75122427480679e-19	1.06845215551393e-18	1.366863739162	2.57262752757659	3.13447920926798e-08	1	13	25	0.0457739835613607	1	0	-0.950808658432889	8.75009070779925
MFGE8	ITGB3	R-HSA-202733	REACTOME_CELL_SURFACE_INTERACTIONS_AT_THE_VASCULAR_WALL	4.29182214203993e-19	1.21405653744006e-18	1.31744353592877	1.14622400780734	3.2474362001487e-07	1	15	29	0.0503101942218307	1	0	4.74812359149799	-0.00377059984369221
TNFSF9	TNFRSF9	R-HSA-5668541	REACTOME_TNFR2_NON_CANONICAL_NF_KB_PATHWAY	5.113168467898e-19	1.43655685526658e-18	3.24442008349795	2.12072229942404	5.42924869104666e-10	1	13	25	0.0651699782272518	1	0	-1.71311797616813	3.5213844903674
TFPI	SDC4	R-HSA-1638091	REACTOME_HEPARAN_SULFATE_HEPARIN_HS_GAG_METABOLISM	5.83047126565505e-19	1.62701664372671e-18	3.31174406254337	1.63417409916305	6.49959616903666e-11	1	7	13	0.0249188256216457	1	0	4.68621391636088	5.23242087622174
HBEGF	CD44	R-HSA-1630316	REACTOME_GLYCOSAMINOGLYCAN_METABOLISM	1.1050206943273e-18	3.02234136925281e-18	1.80017530899449	1.81637339142795	3.24216296026774e-11	1	2	4	0.00204352789377218	1	0	-6.06510449636122	-4.08809510245456
HBEGF	CD44	R-HSA-2142845	REACTOME_HYALURONAN_METABOLISM	1.1050206943273e-18	3.02234136925281e-18	1.80017530899449	1.81637339142795	3.24216296026774e-11	1	2	4	0.00204352789377218	1	0	-6.06510449636122	-4.08809510245456
HBEGF	CD44	R-HSA-2160916	REACTOME_HYALURONAN_UPTAKE_AND_DEGRADATION	1.1050206943273e-18	3.02234136925281e-18	1.80017530899449	1.81637339142795	3.24216296026774e-11	1	2	4	0.00204352789377218	1	0	-6.06510449636122	-4.08809510245456
TFPI	SDC4	R-HSA-3781865	REACTOME_DISEASES_OF_GLYCOSYLATION	1.23845878578432e-18	3.34302927143088e-18	3.31174406254337	1.63417409916305	6.49959616903666e-11	1	9	17	0.0469406068375016	1	0	4.68621391636088	5.23242087622174
TFPI	SDC4	R-HSA-5668914	REACTOME_DISEASES_OF_METABOLISM	1.23845878578432e-18	3.34302927143088e-18	3.31174406254337	1.63417409916305	6.49959616903666e-11	1	9	17	0.0469406068375016	1	0	4.68621391636088	5.23242087622174
PKM	CD44	R-HSA-1630316	REACTOME_GLYCOSAMINOGLYCAN_METABOLISM	1.72379421559991e-18	4.56363468617155e-18	1.21052537254941	1.81637339142795	5.05766252671322e-11	1	2	4	0.00204352789377218	1	0	1.68820679253154	-4.08809510245456
PKM	CD44	R-HSA-2142845	REACTOME_HYALURONAN_METABOLISM	1.72379421559991e-18	4.56363468617155e-18	1.21052537254941	1.81637339142795	5.05766252671322e-11	1	2	4	0.00204352789377218	1	0	1.68820679253154	-4.08809510245456
PKM	CD44	R-HSA-2160916	REACTOME_HYALURONAN_UPTAKE_AND_DEGRADATION	1.72379421559991e-18	4.56363468617155e-18	1.21052537254941	1.81637339142795	5.05766252671322e-11	1	2	4	0.00204352789377218	1	0	1.68820679253154	-4.08809510245456
VIM	CD44	R-HSA-1474228	REACTOME_DEGRADATION_OF_THE_EXTRACELLULAR_MATRIX	1.78782021040909e-18	4.70299201846468e-18	1.89646300933139	1.81637339142795	9.97612787634629e-12	1	10	19	0.0716192171688972	1	0	-1.13692120838461	-4.08809510245456
APOE	LDLR	R-HSA-2187338	REACTOME_VISUAL_PHOTOTRANSDUCTION	2.29154681477373e-18	5.95225682076447e-18	2.42712935704449	3.63049014703745	4.53551096302575e-12	1	4	8	0.0249188256216457	1	0	4.80768600010498	4.8050403030526
APOE	LDLR	R-HSA-6806667	REACTOME_METABOLISM_OF_FAT_SOLUBLE_VITAMINS	2.29154681477373e-18	5.95225682076447e-18	2.42712935704449	3.63049014703745	4.53551096302575e-12	1	4	8	0.0249188256216457	1	0	4.80768600010498	4.8050403030526
TGM2	ITGB3	R-HSA-202733	REACTOME_CELL_SURFACE_INTERACTIONS_AT_THE_VASCULAR_WALL	5.15425189025025e-18	1.33044126917085e-17	1.5827012576575	1.14622400780734	3.89999949185401e-06	1	15	29	0.0503101942218307	1	0	-6.2328466666329	-0.00377059984369221
HBEGF	CD44	R-HSA-1474228	REACTOME_DEGRADATION_OF_THE_EXTRACELLULAR_MATRIX	5.81027482571659e-18	1.4904618031186e-17	1.80017530899449	1.81637339142795	3.24216296026774e-11	1	10	19	0.0716192171688972	1	0	-6.06510449636122	-4.08809510245456
TFPI	SDC4	R-HSA-2024096	REACTOME_HS_GAG_DEGRADATION	6.45437350336918e-18	1.63537193674323e-17	3.31174406254337	1.63417409916305	6.49959616903666e-11	1	6	11	0.0249188256216457	1	0	4.68621391636088	5.23242087622174
VIM	CD44	R-HSA-71387	REACTOME_METABOLISM_OF_CARBOHYDRATES	6.4222537767918e-18	1.63537193674323e-17	1.89646300933139	1.81637339142795	9.97612787634629e-12	1	6	12	0.051981222826251	1	0	-1.13692120838461	-4.08809510245456
APOE	LDLR	R-HSA-8856825	REACTOME_CARGO_RECOGNITION_FOR_CLATHRIN_MEDIATED_ENDOCYTOSIS	6.84587618956245e-18	1.72399199163981e-17	2.42712935704449	3.63049014703745	4.53551096302575e-12	1	25	46	0.171174638338382	1	0	4.80768600010498	4.8050403030526
PKM	CD44	R-HSA-1474228	REACTOME_DEGRADATION_OF_THE_EXTRACELLULAR_MATRIX	9.06382856631773e-18	2.2687037562965e-17	1.21052537254941	1.81637339142795	5.05766252671322e-11	1	10	19	0.0716192171688972	1	0	1.68820679253154	-4.08809510245456
MMP9	CD44	R-HSA-1630316	REACTOME_GLYCOSAMINOGLYCAN_METABOLISM	9.28383226002636e-18	2.28227543058981e-17	1.11898391668014	1.81637339142795	2.72390347414443e-10	1	2	4	0.00204352789377218	1	0	6.32533384333862	-4.08809510245456
MMP9	CD44	R-HSA-2142845	REACTOME_HYALURONAN_METABOLISM	9.28383226002636e-18	2.28227543058981e-17	1.11898391668014	1.81637339142795	2.72390347414443e-10	1	2	4	0.00204352789377218	1	0	6.32533384333862	-4.08809510245456
MMP9	CD44	R-HSA-2160916	REACTOME_HYALURONAN_UPTAKE_AND_DEGRADATION	9.28383226002636e-18	2.28227543058981e-17	1.11898391668014	1.81637339142795	2.72390347414443e-10	1	2	4	0.00204352789377218	1	0	6.32533384333862	-4.08809510245456
UBA52	LDLR	R-HSA-196854	REACTOME_METABOLISM_OF_VITAMINS_AND_COFACTORS	1.32726090956441e-17	3.24354293284085e-17	1.03374250053663	3.63049014703745	7.04090390285207e-10	1	4	9	0.0249188256216457	1	0	5.28296800983504	4.8050403030526
VEGFA	GPC1	R-HSA-1638091	REACTOME_HEPARAN_SULFATE_HEPARIN_HS_GAG_METABOLISM	1.90980777836105e-17	4.63970948507714e-17	2.51819275271687	1.28696254463894	2.1289838769898e-09	1	7	13	0.0249188256216457	1	0	-6.04968498919775	6.14834202091599
HBEGF	CD44	R-HSA-71387	REACTOME_METABOLISM_OF_CARBOHYDRATES	2.08718187804344e-17	5.0409714364441e-17	1.80017530899449	1.81637339142795	3.24216296026774e-11	1	6	12	0.051981222826251	1	0	-6.06510449636122	-4.08809510245456
PKM	CD44	R-HSA-71387	REACTOME_METABOLISM_OF_CARBOHYDRATES	3.25593182711072e-17	7.79452564696243e-17	1.21052537254941	1.81637339142795	5.05766252671322e-11	1	6	12	0.051981222826251	1	0	1.68820679253154	-4.08809510245456
TFPI	SDC4	R-HSA-2187338	REACTOME_VISUAL_PHOTOTRANSDUCTION	3.28389216118998e-17	7.79452564696243e-17	3.31174406254337	1.63417409916305	6.49959616903666e-11	1	4	8	0.0249188256216457	1	0	4.68621391636088	5.23242087622174
TFPI	SDC4	R-HSA-6806667	REACTOME_METABOLISM_OF_FAT_SOLUBLE_VITAMINS	3.28389216118998e-17	7.79452564696243e-17	3.31174406254337	1.63417409916305	6.49959616903666e-11	1	4	8	0.0249188256216457	1	0	4.68621391636088	5.23242087622174
KITLG	EPOR	R-HSA-9027284	REACTOME_ERYTHROPOIETIN_ACTIVATES_RAS	3.47281240618758e-17	8.19583727860269e-17	1.22973244995479	2.92580865924626	1.29731672218352e-09	1	6	11	0.0199559188541133	1	0	5.10716329389859	1.07159232192275
TGM2	SDC4	R-HSA-1638091	REACTOME_HEPARAN_SULFATE_HEPARIN_HS_GAG_METABOLISM	3.57502588419166e-17	8.38912323960884e-17	1.5827012576575	1.63417409916305	3.98530813074652e-09	1	7	13	0.0249188256216457	1	0	-6.2328466666329	5.23242087622174
VEGFA	GPC1	R-HSA-3781865	REACTOME_DISEASES_OF_GLYCOSYLATION	4.05665016514706e-17	9.41233998991987e-17	2.51819275271687	1.28696254463894	2.1289838769898e-09	1	9	17	0.0469406068375016	1	0	-6.04968498919775	6.14834202091599
VEGFA	GPC1	R-HSA-5668914	REACTOME_DISEASES_OF_METABOLISM	4.05665016514706e-17	9.41233998991987e-17	2.51819275271687	1.28696254463894	2.1289838769898e-09	1	9	17	0.0469406068375016	1	0	-6.04968498919775	6.14834202091599
MMP9	CD44	R-HSA-1474228	REACTOME_DEGRADATION_OF_THE_EXTRACELLULAR_MATRIX	4.88150286628294e-17	1.12629088479042e-16	1.11898391668014	1.81637339142795	2.72390347414443e-10	1	10	19	0.0716192171688972	1	0	6.32533384333862	-4.08809510245456
KITLG	EPOR	R-HSA-9027277	REACTOME_ERYTHROPOIETIN_ACTIVATES_PHOSPHOLIPASE_C_GAMMA_PLCG	6.09087706436205e-17	1.38979681081852e-16	1.22973244995479	2.92580865924626	1.29731672218352e-09	1	2	5	0.00986338701851804	1	0	5.10716329389859	1.07159232192275
KITLG	EPOR	R-HSA-9027283	REACTOME_ERYTHROPOIETIN_ACTIVATES_STAT5	6.09087706436205e-17	1.38979681081852e-16	1.22973244995479	2.92580865924626	1.29731672218352e-09	1	2	5	0.00986338701851804	1	0	5.10716329389859	1.07159232192275
TGM2	SDC4	R-HSA-3781865	REACTOME_DISEASES_OF_GLYCOSYLATION	7.59376388966062e-17	1.71378387236603e-16	1.5827012576575	1.63417409916305	3.98530813074652e-09	1	9	17	0.0469406068375016	1	0	-6.2328466666329	5.23242087622174
TGM2	SDC4	R-HSA-5668914	REACTOME_DISEASES_OF_METABOLISM	7.59376388966062e-17	1.71378387236603e-16	1.5827012576575	1.63417409916305	3.98530813074652e-09	1	9	17	0.0469406068375016	1	0	-6.2328466666329	5.23242087622174
MMP7	CD44	R-HSA-1630316	REACTOME_GLYCOSAMINOGLYCAN_METABOLISM	1.0049729027141e-16	2.23147209043506e-16	3.10461592645464	1.81637339142795	2.94861982040612e-09	1	2	4	0.00204352789377218	1	0	-3.06922912955163	-4.08809510245456
MMP7	CD44	R-HSA-2142845	REACTOME_HYALURONAN_METABOLISM	1.0049729027141e-16	2.23147209043506e-16	3.10461592645464	1.81637339142795	2.94861982040612e-09	1	2	4	0.00204352789377218	1	0	-3.06922912955163	-4.08809510245456
MMP7	CD44	R-HSA-2160916	REACTOME_HYALURONAN_UPTAKE_AND_DEGRADATION	1.0049729027141e-16	2.23147209043506e-16	3.10461592645464	1.81637339142795	2.94861982040612e-09	1	2	4	0.00204352789377218	1	0	-3.06922912955163	-4.08809510245456
CSF2	CSF2RA	R-HSA-451927	REACTOME_INTERLEUKIN_2_FAMILY_SIGNALING	1.08723326043268e-16	2.40121570352244e-16	2.75264520465445	3.92075464550707	4.95234612607311e-08	1	12	22	0.0503101942218307	1	0	3.79355755411	0.0357222563558884
UBA52	MET	R-HSA-8986944	REACTOME_TRANSCRIPTIONAL_REGULATION_BY_MECP2	1.31569304048264e-16	2.89032566871984e-16	1.03374250053663	2.13157399158665	4.88236294750373e-08	1	13	25	0.0710379892466136	1	0	5.28296800983504	-4.55862814092069
MMP9	CD44	R-HSA-71387	REACTOME_METABOLISM_OF_CARBOHYDRATES	1.75354602419625e-16	3.83182279361402e-16	1.11898391668014	1.81637339142795	2.72390347414443e-10	1	6	12	0.051981222826251	1	0	6.32533384333862	-4.08809510245456
VEGFA	GPC1	R-HSA-2024096	REACTOME_HS_GAG_DEGRADATION	2.11417090652569e-16	4.59553991786899e-16	2.51819275271687	1.28696254463894	2.1289838769898e-09	1	6	11	0.0249188256216457	1	0	-6.04968498919775	6.14834202091599
L1CAM	ITGB3	R-HSA-210990	REACTOME_PECAM1_INTERACTIONS	2.53122361431465e-16	5.47327409796833e-16	2.25213234059759	1.14622400780734	5.32747410201291e-08	1	4	9	0.0197604307241714	1	0	5.0001756983667	-0.00377059984369221
CSF2	IL3RA	R-HSA-451927	REACTOME_INTERLEUKIN_2_FAMILY_SIGNALING	3.08931899898253e-16	6.64525388843638e-16	2.75264520465445	3.89973119172573	1.40718441328097e-07	1	12	22	0.0503101942218307	1	0	3.79355755411	7.13661070818751
UBA52	LDLR	R-HSA-2187338	REACTOME_VISUAL_PHOTOTRANSDUCTION	3.55738549487373e-16	7.5731969555817e-16	1.03374250053663	3.63049014703745	7.04090390285207e-10	1	4	8	0.0249188256216457	1	0	5.28296800983504	4.8050403030526
UBA52	LDLR	R-HSA-6806667	REACTOME_METABOLISM_OF_FAT_SOLUBLE_VITAMINS	3.55738549487373e-16	7.5731969555817e-16	1.03374250053663	3.63049014703745	7.04090390285207e-10	1	4	8	0.0249188256216457	1	0	5.28296800983504	4.8050403030526
FYN	CD86	R-HSA-388841	REACTOME_COSTIMULATION_BY_THE_CD28_FAMILY	3.73055391840083e-16	7.9011218887156e-16	1.43397289723215	3.33039223677821	4.33138478171151e-08	1	10	19	0.051981222826251	1	0	6.31961043281184	-1.68531673356583
TGM2	SDC4	R-HSA-2024096	REACTOME_HS_GAG_DEGRADATION	3.95757929152459e-16	8.33918493571253e-16	1.5827012576575	1.63417409916305	3.98530813074652e-09	1	6	11	0.0249188256216457	1	0	-6.2328466666329	5.23242087622174
MMP7	CD44	R-HSA-1474228	REACTOME_DEGRADATION_OF_THE_EXTRACELLULAR_MATRIX	5.28421665507517e-16	1.10780785712997e-15	3.10461592645464	1.81637339142795	2.94861982040612e-09	1	10	19	0.0716192171688972	1	0	-3.06922912955163	-4.08809510245456
L1CAM	ITGB3	R-HSA-373760	REACTOME_L1CAM_INTERACTIONS	6.03127892080266e-16	1.25803949206641e-15	2.25213234059759	1.14622400780734	5.32747410201291e-08	1	20	38	0.119943130386443	1	0	5.0001756983667	-0.00377059984369221
VEGFA	ITGB3	R-HSA-210990	REACTOME_PECAM1_INTERACTIONS	6.6596709542225e-16	1.38213271562507e-15	2.51819275271687	1.14622400780734	1.4016629876517e-07	1	4	9	0.0197604307241714	1	0	-6.04968498919775	-0.00377059984369221
FYN	CD86	R-HSA-389356	REACTOME_CD28_CO_STIMULATION	6.80544528961071e-16	1.40532445230461e-15	1.43397289723215	3.33039223677821	4.33138478171151e-08	1	6	11	0.0182374004975249	1	0	6.31961043281184	-1.68531673356583
IL33	IL1RAP	R-HSA-199418	REACTOME_NEGATIVE_REGULATION_OF_THE_PI3K_AKT_NETWORK	8.90180645850606e-16	1.82907764545423e-15	4.63575942467816	1.02233553164245	4.6429260037707e-11	1	2	4	0.0169326791989775	1	0	-5.31143779594275	6.13162786689243
UBA52	LDLR	R-HSA-8856825	REACTOME_CARGO_RECOGNITION_FOR_CLATHRIN_MEDIATED_ENDOCYTOSIS	1.0627503003405e-15	2.17285086158725e-15	1.03374250053663	3.63049014703745	7.04090390285207e-10	1	25	46	0.171174638338382	1	0	5.28296800983504	4.8050403030526
VEGFA	GPC1	R-HSA-2187338	REACTOME_VISUAL_PHOTOTRANSDUCTION	1.0756596691734e-15	2.17768354592457e-15	2.51819275271687	1.28696254463894	2.1289838769898e-09	1	4	8	0.0249188256216457	1	0	-6.04968498919775	6.14834202091599
VEGFA	GPC1	R-HSA-6806667	REACTOME_METABOLISM_OF_FAT_SOLUBLE_VITAMINS	1.0756596691734e-15	2.17768354592457e-15	2.51819275271687	1.28696254463894	2.1289838769898e-09	1	4	8	0.0249188256216457	1	0	-6.04968498919775	6.14834202091599
COL5A3	SDC3	R-HSA-3781865	REACTOME_DISEASES_OF_GLYCOSYLATION	1.39501375828738e-15	2.79679942802276e-15	2.63356018922248	1.26544278130942	7.32121745446371e-08	1	9	17	0.0469406068375016	1	0	-5.85123907042386	6.63270735593641
COL5A3	SDC3	R-HSA-5668914	REACTOME_DISEASES_OF_METABOLISM	1.39501375828738e-15	2.79679942802276e-15	2.63356018922248	1.26544278130942	7.32121745446371e-08	1	9	17	0.0469406068375016	1	0	-5.85123907042386	6.63270735593641
MFGE8	ITGB3	R-HSA-210990	REACTOME_PECAM1_INTERACTIONS	1.54294268510678e-15	3.07843154081691e-15	1.31744353592877	1.14622400780734	3.2474362001487e-07	1	4	9	0.0197604307241714	1	0	4.74812359149799	-0.00377059984369221
VEGFA	ITGB3	R-HSA-373760	REACTOME_L1CAM_INTERACTIONS	1.58683463675568e-15	3.15078223548123e-15	2.51819275271687	1.14622400780734	1.4016629876517e-07	1	20	38	0.119943130386443	1	0	-6.04968498919775	-0.00377059984369221
MMP7	CD44	R-HSA-71387	REACTOME_METABOLISM_OF_CARBOHYDRATES	1.89820990795698e-15	3.72103248382848e-15	3.10461592645464	1.81637339142795	2.94861982040612e-09	1	6	12	0.051981222826251	1	0	-3.06922912955163	-4.08809510245456
TFPI	SDC4	R-HSA-1793185	REACTOME_CHONDROITIN_SULFATE_DERMATAN_SULFATE_METABOLISM	1.94610899880618e-15	3.72103248382848e-15	3.31174406254337	1.63417409916305	6.49959616903666e-11	1	4	9	0.0875472074908358	1	0	4.68621391636088	5.23242087622174
TFPI	SDC4	R-HSA-1971475	REACTOME_A_TETRASACCHARIDE_LINKER_SEQUENCE_IS_REQUIRED_FOR_GAG_SYNTHESIS	1.94610899880618e-15	3.72103248382848e-15	3.31174406254337	1.63417409916305	6.49959616903666e-11	1	4	9	0.0875472074908358	1	0	4.68621391636088	5.23242087622174
TFPI	SDC4	R-HSA-3000171	REACTOME_NON_INTEGRIN_MEMBRANE_ECM_INTERACTIONS	1.94610899880618e-15	3.72103248382848e-15	3.31174406254337	1.63417409916305	6.49959616903666e-11	1	4	9	0.0875472074908358	1	0	4.68621391636088	5.23242087622174
TFPI	SDC4	R-HSA-3560782	REACTOME_DISEASES_ASSOCIATED_WITH_GLYCOSAMINOGLYCAN_METABOLISM	1.94610899880618e-15	3.72103248382848e-15	3.31174406254337	1.63417409916305	6.49959616903666e-11	1	4	9	0.0875472074908358	1	0	4.68621391636088	5.23242087622174
TFPI	SDC4	R-HSA-3560783	REACTOME_DEFECTIVE_B4GALT7_CAUSES_EDS_PROGEROID_TYPE	1.94610899880618e-15	3.72103248382848e-15	3.31174406254337	1.63417409916305	6.49959616903666e-11	1	4	9	0.0875472074908358	1	0	4.68621391636088	5.23242087622174
TFPI	SDC4	R-HSA-9820952	REACTOME_RESPIRATORY_SYNCYTIAL_VIRUS_INFECTION_PATHWAY	1.94610899880618e-15	3.72103248382848e-15	3.31174406254337	1.63417409916305	6.49959616903666e-11	1	4	9	0.0875472074908358	1	0	4.68621391636088	5.23242087622174
TFPI	SDC4	R-HSA-9820960	REACTOME_RESPIRATORY_SYNCYTIAL_VIRUS_RSV_ATTACHMENT_AND_ENTRY	1.94610899880618e-15	3.72103248382848e-15	3.31174406254337	1.63417409916305	6.49959616903666e-11	1	4	9	0.0875472074908358	1	0	4.68621391636088	5.23242087622174
TGM2	SDC4	R-HSA-2187338	REACTOME_VISUAL_PHOTOTRANSDUCTION	2.01355927201011e-15	3.81467880431274e-15	1.5827012576575	1.63417409916305	3.98530813074652e-09	1	4	8	0.0249188256216457	1	0	-6.2328466666329	5.23242087622174
TGM2	SDC4	R-HSA-6806667	REACTOME_METABOLISM_OF_FAT_SOLUBLE_VITAMINS	2.01355927201011e-15	3.81467880431274e-15	1.5827012576575	1.63417409916305	3.98530813074652e-09	1	4	8	0.0249188256216457	1	0	-6.2328466666329	5.23242087622174
FYN	CD80	R-HSA-389356	REACTOME_CD28_CO_STIMULATION	2.26477957977947e-15	4.27102267784895e-15	1.43397289723215	4.1620595993141	1.44143864043155e-07	1	6	11	0.0182374004975249	1	0	6.31961043281184	-5.06621165195004
MFGE8	ITGB3	R-HSA-373760	REACTOME_L1CAM_INTERACTIONS	3.67645025120028e-15	6.90169978975326e-15	1.31744353592877	1.14622400780734	3.2474362001487e-07	1	20	38	0.119943130386443	1	0	4.74812359149799	-0.00377059984369221
CD80	CD86	R-HSA-388841	REACTOME_COSTIMULATION_BY_THE_CD28_FAMILY	3.77162296586098e-15	7.04832708099811e-15	4.1620595993141	3.33039223677821	4.3790682761896e-07	1	10	19	0.051981222826251	1	0	-5.06621165195004	-1.68531673356583
TFPI	SDC4	R-HSA-2022928	REACTOME_HS_GAG_BIOSYNTHESIS	6.03385249642188e-15	1.10264649602754e-14	3.31174406254337	1.63417409916305	6.49959616903666e-11	1	3	7	0.0875472074908358	1	0	4.68621391636088	5.23242087622174
TFPI	SDC4	R-HSA-3000170	REACTOME_SYNDECAN_INTERACTIONS	6.03385249642188e-15	1.10264649602754e-14	3.31174406254337	1.63417409916305	6.49959616903666e-11	1	3	7	0.0875472074908358	1	0	4.68621391636088	5.23242087622174
TFPI	SDC4	R-HSA-3656237	REACTOME_DEFECTIVE_EXT2_CAUSES_EXOSTOSES_2	6.03385249642188e-15	1.10264649602754e-14	3.31174406254337	1.63417409916305	6.49959616903666e-11	1	3	7	0.0875472074908358	1	0	4.68621391636088	5.23242087622174
TFPI	SDC4	R-HSA-9694614	REACTOME_ATTACHMENT_AND_ENTRY	6.03385249642188e-15	1.10264649602754e-14	3.31174406254337	1.63417409916305	6.49959616903666e-11	1	3	7	0.0875472074908358	1	0	4.68621391636088	5.23242087622174
TFPI	SDC4	R-HSA-9772572	REACTOME_EARLY_SARS_COV_2_INFECTION_EVENTS	6.03385249642188e-15	1.10264649602754e-14	3.31174406254337	1.63417409916305	6.49959616903666e-11	1	3	7	0.0875472074908358	1	0	4.68621391636088	5.23242087622174
CD86	CD80	R-HSA-389356	REACTOME_CD28_CO_STIMULATION	6.8803653046272e-15	1.24631178544344e-14	3.33039223677821	4.1620595993141	4.3790682761896e-07	1	6	11	0.0182374004975249	1	0	-1.68531673356583	-5.06621165195004
CD80	CD86	R-HSA-389356	REACTOME_CD28_CO_STIMULATION	6.8803653046272e-15	1.24631178544344e-14	4.1620595993141	3.33039223677821	4.3790682761896e-07	1	6	11	0.0182374004975249	1	0	-5.06621165195004	-1.68531673356583
KITLG	EPOR	R-HSA-9027276	REACTOME_ERYTHROPOIETIN_ACTIVATES_PHOSPHOINOSITIDE_3_KINASE_PI3K	8.06061001540492e-15	1.45372573640272e-14	1.22973244995479	2.92580865924626	1.29731672218352e-09	1	3	7	0.0503101942218307	1	0	5.10716329389859	1.07159232192275
PLTP	ABCA1	R-HSA-9029569	REACTOME_NR1H3_NR1H2_REGULATE_GENE_EXPRESSION_LINKED_TO_CHOLESTEROL_TRANSPORT_AND_EFFLUX	9.18142898201594e-15	1.64866529111851e-14	1.366863739162	2.57262752757659	3.13447920926798e-08	1	11	20	0.0705895152884472	1	0	-0.950808658432889	8.75009070779925
CD274	CD80	R-HSA-389356	REACTOME_CD28_CO_STIMULATION	1.28494354519374e-14	2.29732330807365e-14	2.96033716638828	4.1620595993141	8.17813483198094e-07	1	6	11	0.0182374004975249	1	0	0.51936641215919	-5.06621165195004
TGM2	ITGB3	R-HSA-210990	REACTOME_PECAM1_INTERACTIONS	1.85299273550032e-14	3.29864655069669e-14	1.5827012576575	1.14622400780734	3.89999949185401e-06	1	4	9	0.0197604307241714	1	0	-6.2328466666329	-0.00377059984369221
TFPI	LRP1	R-HSA-196854	REACTOME_METABOLISM_OF_VITAMINS_AND_COFACTORS	1.99666125594349e-14	3.53914634637194e-14	3.31174406254337	1.27653229594123	3.95186297630785e-08	1	4	8	0.0249188256216457	1	0	4.68621391636088	-3.00410651545668
APOE	LDLR	R-HSA-8964043	REACTOME_PLASMA_LIPOPROTEIN_CLEARANCE	2.52713203200257e-14	4.46028003938915e-14	2.42712935704449	3.63049014703745	4.53551096302575e-12	1	7	14	0.227162608394905	1	0	4.80768600010498	4.8050403030526
FYN	CD80	R-HSA-388841	REACTOME_COSTIMULATION_BY_THE_CD28_FAMILY	2.77967661986966e-14	4.88513380428157e-14	1.43397289723215	4.1620595993141	1.44143864043155e-07	1	9	18	0.0775829274585901	1	0	6.31961043281184	-5.06621165195004
SERPINA1	LRP1	R-HSA-196854	REACTOME_METABOLISM_OF_VITAMINS_AND_COFACTORS	3.96742182789869e-14	6.92000130170884e-14	2.69460251235229	1.27653229594123	7.85246239761371e-08	1	4	8	0.0249188256216457	1	0	4.39647683990137	-3.00410651545668
SERPINE2	LRP1	R-HSA-196854	REACTOME_METABOLISM_OF_VITAMINS_AND_COFACTORS	3.97104190921306e-14	6.92000130170884e-14	3.71158129166662	1.27653229594123	7.85962739131252e-08	1	4	8	0.0249188256216457	1	0	5.7918535195423	-3.00410651545668
TGM2	ITGB3	R-HSA-373760	REACTOME_L1CAM_INTERACTIONS	4.41522272580786e-14	7.66171002419599e-14	1.5827012576575	1.14622400780734	3.89999949185401e-06	1	20	38	0.119943130386443	1	0	-6.2328466666329	-0.00377059984369221
VEGFA	GPC1	R-HSA-1793185	REACTOME_CHONDROITIN_SULFATE_DERMATAN_SULFATE_METABOLISM	6.37460324236913e-14	1.07897997504035e-13	2.51819275271687	1.28696254463894	2.1289838769898e-09	1	4	9	0.0875472074908358	1	0	-6.04968498919775	6.14834202091599
VEGFA	GPC1	R-HSA-1971475	REACTOME_A_TETRASACCHARIDE_LINKER_SEQUENCE_IS_REQUIRED_FOR_GAG_SYNTHESIS	6.37460324236913e-14	1.07897997504035e-13	2.51819275271687	1.28696254463894	2.1289838769898e-09	1	4	9	0.0875472074908358	1	0	-6.04968498919775	6.14834202091599
VEGFA	GPC1	R-HSA-3560782	REACTOME_DISEASES_ASSOCIATED_WITH_GLYCOSAMINOGLYCAN_METABOLISM	6.37460324236913e-14	1.07897997504035e-13	2.51819275271687	1.28696254463894	2.1289838769898e-09	1	4	9	0.0875472074908358	1	0	-6.04968498919775	6.14834202091599
VEGFA	GPC1	R-HSA-3560783	REACTOME_DEFECTIVE_B4GALT7_CAUSES_EDS_PROGEROID_TYPE	6.37460324236913e-14	1.07897997504035e-13	2.51819275271687	1.28696254463894	2.1289838769898e-09	1	4	9	0.0875472074908358	1	0	-6.04968498919775	6.14834202091599
VEGFA	GPC1	R-HSA-9820952	REACTOME_RESPIRATORY_SYNCYTIAL_VIRUS_INFECTION_PATHWAY	6.37460324236913e-14	1.07897997504035e-13	2.51819275271687	1.28696254463894	2.1289838769898e-09	1	4	9	0.0875472074908358	1	0	-6.04968498919775	6.14834202091599
VEGFA	GPC1	R-HSA-9820960	REACTOME_RESPIRATORY_SYNCYTIAL_VIRUS_RSV_ATTACHMENT_AND_ENTRY	6.37460324236913e-14	1.07897997504035e-13	2.51819275271687	1.28696254463894	2.1289838769898e-09	1	4	9	0.0875472074908358	1	0	-6.04968498919775	6.14834202091599
FYN	CD86	R-HSA-389359	REACTOME_CD28_DEPENDENT_VAV1_PATHWAY	6.97923359539347e-14	1.17649937750919e-13	1.43397289723215	3.33039223677821	4.33138478171151e-08	1	3	6	0.0182374004975249	1	0	6.31961043281184	-1.68531673356583
CSF2	CSF2RA	R-HSA-912526	REACTOME_INTERLEUKIN_RECEPTOR_SHC_SIGNALING	8.00940529477004e-14	1.34466844989432e-13	2.75264520465445	3.92075464550707	4.95234612607311e-08	1	7	13	0.0535086947374795	1	0	3.79355755411	0.0357222563558884
CD86	CD80	R-HSA-388841	REACTOME_COSTIMULATION_BY_THE_CD28_FAMILY	8.44461454182527e-14	1.41199425334973e-13	3.33039223677821	4.1620595993141	4.3790682761896e-07	1	9	18	0.0775829274585901	1	0	-1.68531673356583	-5.06621165195004
IL36G	IL1RAP	R-HSA-199418	REACTOME_NEGATIVE_REGULATION_OF_THE_PI3K_AKT_NETWORK	1.104210254268e-13	1.83886627021244e-13	7.20663902282049	1.02233553164245	5.75924283129332e-09	1	2	4	0.0169326791989775	1	0	0.0252227415412932	6.13162786689243
APOE	LRP1	R-HSA-196854	REACTOME_METABOLISM_OF_VITAMINS_AND_COFACTORS	1.14595142130253e-13	1.90071460641746e-13	2.42712935704449	1.27653229594123	2.26810781298648e-07	1	4	8	0.0249188256216457	1	0	4.80768600010498	-3.00410651545668
TGM2	SDC4	R-HSA-1793185	REACTOME_CHONDROITIN_SULFATE_DERMATAN_SULFATE_METABOLISM	1.19328090769842e-13	1.92509771437284e-13	1.5827012576575	1.63417409916305	3.98530813074652e-09	1	4	9	0.0875472074908358	1	0	-6.2328466666329	5.23242087622174
TGM2	SDC4	R-HSA-1971475	REACTOME_A_TETRASACCHARIDE_LINKER_SEQUENCE_IS_REQUIRED_FOR_GAG_SYNTHESIS	1.19328090769842e-13	1.92509771437284e-13	1.5827012576575	1.63417409916305	3.98530813074652e-09	1	4	9	0.0875472074908358	1	0	-6.2328466666329	5.23242087622174
TGM2	SDC4	R-HSA-3000171	REACTOME_NON_INTEGRIN_MEMBRANE_ECM_INTERACTIONS	1.19328090769842e-13	1.92509771437284e-13	1.5827012576575	1.63417409916305	3.98530813074652e-09	1	4	9	0.0875472074908358	1	0	-6.2328466666329	5.23242087622174
TGM2	SDC4	R-HSA-3560782	REACTOME_DISEASES_ASSOCIATED_WITH_GLYCOSAMINOGLYCAN_METABOLISM	1.19328090769842e-13	1.92509771437284e-13	1.5827012576575	1.63417409916305	3.98530813074652e-09	1	4	9	0.0875472074908358	1	0	-6.2328466666329	5.23242087622174
TGM2	SDC4	R-HSA-3560783	REACTOME_DEFECTIVE_B4GALT7_CAUSES_EDS_PROGEROID_TYPE	1.19328090769842e-13	1.92509771437284e-13	1.5827012576575	1.63417409916305	3.98530813074652e-09	1	4	9	0.0875472074908358	1	0	-6.2328466666329	5.23242087622174
TGM2	SDC4	R-HSA-9820952	REACTOME_RESPIRATORY_SYNCYTIAL_VIRUS_INFECTION_PATHWAY	1.19328090769842e-13	1.92509771437284e-13	1.5827012576575	1.63417409916305	3.98530813074652e-09	1	4	9	0.0875472074908358	1	0	-6.2328466666329	5.23242087622174
TGM2	SDC4	R-HSA-9820960	REACTOME_RESPIRATORY_SYNCYTIAL_VIRUS_RSV_ATTACHMENT_AND_ENTRY	1.19328090769842e-13	1.92509771437284e-13	1.5827012576575	1.63417409916305	3.98530813074652e-09	1	4	9	0.0875472074908358	1	0	-6.2328466666329	5.23242087622174
CD274	CD80	R-HSA-388841	REACTOME_COSTIMULATION_BY_THE_CD28_FAMILY	1.57707512126865e-13	2.53436585635779e-13	2.96033716638828	4.1620595993141	8.17813483198094e-07	1	9	18	0.0775829274585901	1	0	0.51936641215919	-5.06621165195004
NTN1	ADORA2B	R-HSA-9660821	REACTOME_ADORA2B_MEDIATED_ANTI_INFLAMMATORY_CYTOKINES_PRODUCTION	1.87858272921306e-13	3.00718863242246e-13	1.67227072869075	1.98259938161308	1.4140414242094e-06	1	8	16	0.0638168170417965	1	0	4.30404448107304	-3.54201862050002
VEGFA	GPC1	R-HSA-2022928	REACTOME_HS_GAG_BIOSYNTHESIS	1.97642658819537e-13	3.11551214093392e-13	2.51819275271687	1.28696254463894	2.1289838769898e-09	1	3	7	0.0875472074908358	1	0	-6.04968498919775	6.14834202091599
VEGFA	GPC1	R-HSA-3656237	REACTOME_DEFECTIVE_EXT2_CAUSES_EXOSTOSES_2	1.97642658819537e-13	3.11551214093392e-13	2.51819275271687	1.28696254463894	2.1289838769898e-09	1	3	7	0.0875472074908358	1	0	-6.04968498919775	6.14834202091599
VEGFA	GPC1	R-HSA-9694614	REACTOME_ATTACHMENT_AND_ENTRY	1.97642658819537e-13	3.11551214093392e-13	2.51819275271687	1.28696254463894	2.1289838769898e-09	1	3	7	0.0875472074908358	1	0	-6.04968498919775	6.14834202091599
VEGFA	GPC1	R-HSA-9772572	REACTOME_EARLY_SARS_COV_2_INFECTION_EVENTS	1.97642658819537e-13	3.11551214093392e-13	2.51819275271687	1.28696254463894	2.1289838769898e-09	1	3	7	0.0875472074908358	1	0	-6.04968498919775	6.14834202091599
CSF2	IL3RA	R-HSA-912526	REACTOME_INTERLEUKIN_RECEPTOR_SHC_SIGNALING	2.27583250514589e-13	3.573835835077e-13	2.75264520465445	3.89973119172573	1.40718441328097e-07	1	7	13	0.0535086947374795	1	0	3.79355755411	7.13661070818751
FYN	CD80	R-HSA-389359	REACTOME_CD28_DEPENDENT_VAV1_PATHWAY	2.32261447366101e-13	3.63348400614393e-13	1.43397289723215	4.1620595993141	1.44143864043155e-07	1	3	6	0.0182374004975249	1	0	6.31961043281184	-5.06621165195004
TGM2	SDC4	R-HSA-2022928	REACTOME_HS_GAG_BIOSYNTHESIS	3.69973161229175e-13	5.68025708504272e-13	1.5827012576575	1.63417409916305	3.98530813074652e-09	1	3	7	0.0875472074908358	1	0	-6.2328466666329	5.23242087622174
TGM2	SDC4	R-HSA-3000170	REACTOME_SYNDECAN_INTERACTIONS	3.69973161229175e-13	5.68025708504272e-13	1.5827012576575	1.63417409916305	3.98530813074652e-09	1	3	7	0.0875472074908358	1	0	-6.2328466666329	5.23242087622174
TGM2	SDC4	R-HSA-3656237	REACTOME_DEFECTIVE_EXT2_CAUSES_EXOSTOSES_2	3.69973161229175e-13	5.68025708504272e-13	1.5827012576575	1.63417409916305	3.98530813074652e-09	1	3	7	0.0875472074908358	1	0	-6.2328466666329	5.23242087622174
TGM2	SDC4	R-HSA-9694614	REACTOME_ATTACHMENT_AND_ENTRY	3.69973161229175e-13	5.68025708504272e-13	1.5827012576575	1.63417409916305	3.98530813074652e-09	1	3	7	0.0875472074908358	1	0	-6.2328466666329	5.23242087622174
TGM2	SDC4	R-HSA-9772572	REACTOME_EARLY_SARS_COV_2_INFECTION_EVENTS	3.69973161229175e-13	5.68025708504272e-13	1.5827012576575	1.63417409916305	3.98530813074652e-09	1	3	7	0.0875472074908358	1	0	-6.2328466666329	5.23242087622174
SERPINE1	LRP1	R-HSA-196854	REACTOME_METABOLISM_OF_VITAMINS_AND_COFACTORS	3.8796329461883e-13	5.93440150657692e-13	1.1500560863833	1.27653229594123	7.67870752040054e-07	1	4	8	0.0249188256216457	1	0	-6.38458966990054	-3.00410651545668
APOE	LDLR	R-HSA-8964038	REACTOME_LDL_CLEARANCE	4.22948624651992e-13	6.44567461185509e-13	2.42712935704449	3.63049014703745	4.53551096302575e-12	1	4	8	0.338419223718639	1	0	4.80768600010498	4.8050403030526
VIM	CD44	R-HSA-216083	REACTOME_INTEGRIN_CELL_SURFACE_INTERACTIONS	5.74971367696701e-13	8.73026378157123e-13	1.89646300933139	1.81637339142795	9.97612787634629e-12	1	3	6	0.282784502473796	1	0	-1.13692120838461	-4.08809510245456
L1CAM	ITGB3	R-HSA-1566948	REACTOME_ELASTIC_FIBRE_FORMATION	6.32012808127594e-13	9.49432581891188e-13	2.25213234059759	1.14622400780734	5.32747410201291e-08	1	3	6	0.0301879832561912	1	0	5.0001756983667	-0.00377059984369221
L1CAM	ITGB3	R-HSA-5674135	REACTOME_MAP2K_AND_MAPK_ACTIVATION	6.32188765181784e-13	9.49432581891188e-13	2.25213234059759	1.14622400780734	5.32747410201291e-08	1	12	23	0.135360350630587	1	0	5.0001756983667	-0.00377059984369221
L1CAM	ITGB3	R-HSA-6802946	REACTOME_SIGNALING_BY_MODERATE_KINASE_ACTIVITY_BRAF_MUTANTS	6.32188765181784e-13	9.49432581891188e-13	2.25213234059759	1.14622400780734	5.32747410201291e-08	1	12	23	0.135360350630587	1	0	5.0001756983667	-0.00377059984369221
CD86	CD80	R-HSA-389359	REACTOME_CD28_DEPENDENT_VAV1_PATHWAY	7.05606681695632e-13	1.0520417311924e-12	3.33039223677821	4.1620595993141	4.3790682761896e-07	1	3	6	0.0182374004975249	1	0	-1.68531673356583	-5.06621165195004
CD80	CD86	R-HSA-389359	REACTOME_CD28_DEPENDENT_VAV1_PATHWAY	7.05606681695632e-13	1.0520417311924e-12	4.1620595993141	3.33039223677821	4.3790682761896e-07	1	3	6	0.0182374004975249	1	0	-5.06621165195004	-1.68531673356583
MMP9	LRP1	R-HSA-196854	REACTOME_METABOLISM_OF_VITAMINS_AND_COFACTORS	7.24023769508762e-13	1.07561804606877e-12	1.11898391668014	1.27653229594123	1.43301359715947e-06	1	4	8	0.0249188256216457	1	0	6.32533384333862	-3.00410651545668
PSAP	LRP1	R-HSA-196854	REACTOME_METABOLISM_OF_VITAMINS_AND_COFACTORS	1.18203094272443e-12	1.74974472883581e-12	1.02133030345959	1.27653229594123	2.33951768508456e-06	1	4	8	0.0249188256216457	1	0	4.75112204483774	-3.00410651545668
CD274	CD80	R-HSA-389359	REACTOME_CD28_DEPENDENT_VAV1_PATHWAY	1.31775670469215e-12	1.94369113942092e-12	2.96033716638828	4.1620595993141	8.17813483198094e-07	1	3	6	0.0182374004975249	1	0	0.51936641215919	-5.06621165195004
UBA52	MET	R-HSA-400685	REACTOME_SEMA4D_IN_SEMAPHORIN_SIGNALING	1.34993833740801e-12	1.98407307241818e-12	1.03374250053663	2.13157399158665	4.88236294750373e-08	1	8	15	0.0973668001471835	1	0	5.28296800983504	-4.55862814092069
UBA52	TGFBR1	R-HSA-9839373	REACTOME_SIGNALING_BY_TGFBR3	1.5553575831211e-12	2.2778818504575e-12	1.03374250053663	1.12059925062153	1.02047925114769e-05	1	12	22	0.0758220304569572	1	0	5.28296800983504	3.08901402907691
VEGFA	ITGB3	R-HSA-1566948	REACTOME_ELASTIC_FIBRE_FORMATION	1.66283109764822e-12	2.41031733127198e-12	2.51819275271687	1.14622400780734	1.4016629876517e-07	1	3	6	0.0301879832561912	1	0	-6.04968498919775	-0.00377059984369221
VEGFA	ITGB3	R-HSA-5674135	REACTOME_MAP2K_AND_MAPK_ACTIVATION	1.66329404216105e-12	2.41031733127198e-12	2.51819275271687	1.14622400780734	1.4016629876517e-07	1	12	23	0.135360350630587	1	0	-6.04968498919775	-0.00377059984369221
VEGFA	ITGB3	R-HSA-6802946	REACTOME_SIGNALING_BY_MODERATE_KINASE_ACTIVITY_BRAF_MUTANTS	1.66329404216105e-12	2.41031733127198e-12	2.51819275271687	1.14622400780734	1.4016629876517e-07	1	12	23	0.135360350630587	1	0	-6.04968498919775	-0.00377059984369221
HBEGF	CD44	R-HSA-216083	REACTOME_INTEGRIN_CELL_SURFACE_INTERACTIONS	1.86861164438428e-12	2.69837975220527e-12	1.80017530899449	1.81637339142795	3.24216296026774e-11	1	3	6	0.282784502473796	1	0	-6.06510449636122	-4.08809510245456
COL5A3	SDC3	R-HSA-1793185	REACTOME_CHONDROITIN_SULFATE_DERMATAN_SULFATE_METABOLISM	2.19211883320136e-12	3.10049684284987e-12	2.63356018922248	1.26544278130942	7.32121745446371e-08	1	4	9	0.0875472074908358	1	0	-5.85123907042386	6.63270735593641
COL5A3	SDC3	R-HSA-1971475	REACTOME_A_TETRASACCHARIDE_LINKER_SEQUENCE_IS_REQUIRED_FOR_GAG_SYNTHESIS	2.19211883320136e-12	3.10049684284987e-12	2.63356018922248	1.26544278130942	7.32121745446371e-08	1	4	9	0.0875472074908358	1	0	-5.85123907042386	6.63270735593641
COL5A3	SDC3	R-HSA-3560782	REACTOME_DISEASES_ASSOCIATED_WITH_GLYCOSAMINOGLYCAN_METABOLISM	2.19211883320136e-12	3.10049684284987e-12	2.63356018922248	1.26544278130942	7.32121745446371e-08	1	4	9	0.0875472074908358	1	0	-5.85123907042386	6.63270735593641
COL5A3	SDC3	R-HSA-3560783	REACTOME_DEFECTIVE_B4GALT7_CAUSES_EDS_PROGEROID_TYPE	2.19211883320136e-12	3.10049684284987e-12	2.63356018922248	1.26544278130942	7.32121745446371e-08	1	4	9	0.0875472074908358	1	0	-5.85123907042386	6.63270735593641
COL5A3	SDC3	R-HSA-9820952	REACTOME_RESPIRATORY_SYNCYTIAL_VIRUS_INFECTION_PATHWAY	2.19211883320136e-12	3.10049684284987e-12	2.63356018922248	1.26544278130942	7.32121745446371e-08	1	4	9	0.0875472074908358	1	0	-5.85123907042386	6.63270735593641
COL5A3	SDC3	R-HSA-9820960	REACTOME_RESPIRATORY_SYNCYTIAL_VIRUS_RSV_ATTACHMENT_AND_ENTRY	2.19211883320136e-12	3.10049684284987e-12	2.63356018922248	1.26544278130942	7.32121745446371e-08	1	4	9	0.0875472074908358	1	0	-5.85123907042386	6.63270735593641
FYN	CD86	R-HSA-389513	REACTOME_CTLA4_INHIBITORY_SIGNALING	2.23708348517073e-12	3.15329515145225e-12	1.43397289723215	3.33039223677821	4.33138478171151e-08	1	3	7	0.0775829274585901	1	0	6.31961043281184	-1.68531673356583
L1CAM	ITGB3	R-HSA-445144	REACTOME_SIGNAL_TRANSDUCTION_BY_L1	2.24579664192827e-12	3.15480956842304e-12	2.25213234059759	1.14622400780734	5.32747410201291e-08	1	6	12	0.0973668001471835	1	0	5.0001756983667	-0.00377059984369221
PKM	CD44	R-HSA-216083	REACTOME_INTEGRIN_CELL_SURFACE_INTERACTIONS	2.91496979226543e-12	4.0809577091716e-12	1.21052537254941	1.81637339142795	5.05766252671322e-11	1	3	6	0.282784502473796	1	0	1.68820679253154	-4.08809510245456
UBA52	TGFBR1	R-HSA-2173791	REACTOME_TGF_BETA_RECEPTOR_SIGNALING_IN_EMT_EPITHELIAL_TO_MESENCHYMAL_TRANSITION	3.39892548018034e-12	4.74241967335974e-12	1.03374250053663	1.12059925062153	1.02047925114769e-05	1	4	9	0.0404924865703258	1	0	5.28296800983504	3.08901402907691
MFGE8	ITGB3	R-HSA-1566948	REACTOME_ELASTIC_FIBRE_FORMATION	3.85252228874413e-12	5.32285845145527e-12	1.31744353592877	1.14622400780734	3.2474362001487e-07	1	3	6	0.0301879832561912	1	0	4.74812359149799	-0.00377059984369221
MFGE8	ITGB3	R-HSA-5674135	REACTOME_MAP2K_AND_MAPK_ACTIVATION	3.85359485952815e-12	5.32285845145527e-12	1.31744353592877	1.14622400780734	3.2474362001487e-07	1	12	23	0.135360350630587	1	0	4.74812359149799	-0.00377059984369221
MFGE8	ITGB3	R-HSA-6802946	REACTOME_SIGNALING_BY_MODERATE_KINASE_ACTIVITY_BRAF_MUTANTS	3.85359485952815e-12	5.32285845145527e-12	1.31744353592877	1.14622400780734	3.2474362001487e-07	1	12	23	0.135360350630587	1	0	4.74812359149799	-0.00377059984369221
UBA52	LDLR	R-HSA-8964043	REACTOME_PLASMA_LIPOPROTEIN_CLEARANCE	3.92310677500359e-12	5.40081032692161e-12	1.03374250053663	3.63049014703745	7.04090390285207e-10	1	7	14	0.227162608394905	1	0	5.28296800983504	4.8050403030526
IL1B	IL1RAP	R-HSA-199418	REACTOME_NEGATIVE_REGULATION_OF_THE_PI3K_AKT_NETWORK	4.26661364322297e-12	5.8541908127943e-12	2.42212628748569	1.02233553164245	2.2253428587221e-07	1	2	4	0.0169326791989775	1	0	7.24486957369834	6.13162786689243
L1CAM	ITGB3	R-HSA-3000171	REACTOME_NON_INTEGRIN_MEMBRANE_ECM_INTERACTIONS	4.94572156085474e-12	6.76351988289076e-12	2.25213234059759	1.14622400780734	5.32747410201291e-08	1	3	7	0.0875472074908358	1	0	5.0001756983667	-0.00377059984369221
VEGFA	ITGB3	R-HSA-445144	REACTOME_SIGNAL_TRANSDUCTION_BY_L1	5.90871015139041e-12	8.05378644397439e-12	2.51819275271687	1.14622400780734	1.4016629876517e-07	1	6	12	0.0973668001471835	1	0	-6.04968498919775	-0.00377059984369221
HSPG2	LRP1	R-HSA-196854	REACTOME_METABOLISM_OF_VITAMINS_AND_COFACTORS	6.09351814321362e-12	8.27836510903692e-12	1.90764350686712	1.27653229594123	1.20605078472598e-05	1	4	8	0.0249188256216457	1	0	3.81388254878784	-3.00410651545668
GPC3	LRP1	R-HSA-196854	REACTOME_METABOLISM_OF_VITAMINS_AND_COFACTORS	6.55629951262168e-12	8.87787442200903e-12	1.32591804909639	1.27653229594123	1.29764611941006e-05	1	4	8	0.0249188256216457	1	0	-6.38458966990054	-3.00410651545668
COL5A3	SDC3	R-HSA-2022928	REACTOME_HS_GAG_BIOSYNTHESIS	6.79659859868044e-12	9.0841269296279e-12	2.63356018922248	1.26544278130942	7.32121745446371e-08	1	3	7	0.0875472074908358	1	0	-5.85123907042386	6.63270735593641
COL5A3	SDC3	R-HSA-3656237	REACTOME_DEFECTIVE_EXT2_CAUSES_EXOSTOSES_2	6.79659859868044e-12	9.0841269296279e-12	2.63356018922248	1.26544278130942	7.32121745446371e-08	1	3	7	0.0875472074908358	1	0	-5.85123907042386	6.63270735593641
COL5A3	SDC3	R-HSA-9694614	REACTOME_ATTACHMENT_AND_ENTRY	6.79659859868044e-12	9.0841269296279e-12	2.63356018922248	1.26544278130942	7.32121745446371e-08	1	3	7	0.0875472074908358	1	0	-5.85123907042386	6.63270735593641
COL5A3	SDC3	R-HSA-9772572	REACTOME_EARLY_SARS_COV_2_INFECTION_EVENTS	6.79659859868044e-12	9.0841269296279e-12	2.63356018922248	1.26544278130942	7.32121745446371e-08	1	3	7	0.0875472074908358	1	0	-5.85123907042386	6.63270735593641
FYN	CD80	R-HSA-389513	REACTOME_CTLA4_INHIBITORY_SIGNALING	7.4447751467654e-12	9.91836172778745e-12	1.43397289723215	4.1620595993141	1.44143864043155e-07	1	3	7	0.0775829274585901	1	0	6.31961043281184	-5.06621165195004
TFPI	VLDLR	R-HSA-8964043	REACTOME_PLASMA_LIPOPROTEIN_CLEARANCE	7.57905135150035e-12	1.00647852352722e-11	3.31174406254337	2.09707459089542	5.02914029218135e-09	1	8	15	0.171174638338382	1	0	4.68621391636088	3.21723806388731
L1CAM	ITGB3	R-HSA-76005	REACTOME_RESPONSE_TO_ELEVATED_PLATELET_CYTOSOLIC_CA2	8.39175893974934e-12	1.11083219298605e-11	2.25213234059759	1.14622400780734	5.32747410201291e-08	1	6	12	0.119324297158734	1	0	5.0001756983667	-0.00377059984369221
VEGFA	ITGB3	R-HSA-3000171	REACTOME_NON_INTEGRIN_MEMBRANE_ECM_INTERACTIONS	1.30122356793097e-11	1.71694994746163e-11	2.51819275271687	1.14622400780734	1.4016629876517e-07	1	3	7	0.0875472074908358	1	0	-6.04968498919775	-0.00377059984369221
MFGE8	ITGB3	R-HSA-445144	REACTOME_SIGNAL_TRANSDUCTION_BY_L1	1.36895669007845e-11	1.80057042357452e-11	1.31744353592877	1.14622400780734	3.2474362001487e-07	1	6	12	0.0973668001471835	1	0	4.74812359149799	-0.00377059984369221
L1CAM	ITGB3	R-HSA-3000170	REACTOME_SYNDECAN_INTERACTIONS	1.45521061868839e-11	1.90794281116923e-11	2.25213234059759	1.14622400780734	5.32747410201291e-08	1	2	5	0.0875472074908358	1	0	5.0001756983667	-0.00377059984369221
MMP9	CD44	R-HSA-216083	REACTOME_INTEGRIN_CELL_SURFACE_INTERACTIONS	1.56991422465228e-11	2.05181827462466e-11	1.11898391668014	1.81637339142795	2.72390347414443e-10	1	3	6	0.282784502473796	1	0	6.32533384333862	-4.08809510245456
UBA52	MET	R-HSA-8865999	REACTOME_MET_ACTIVATES_PTPN11	1.9064388283696e-11	2.48378307923232e-11	1.03374250053663	2.13157399158665	4.88236294750373e-08	1	1	2	0.0197604307241714	1	0	5.28296800983504	-4.55862814092069
VEGFA	ITGB3	R-HSA-76005	REACTOME_RESPONSE_TO_ELEVATED_PLATELET_CYTOSOLIC_CA2	2.20787894636552e-11	2.86746542405334e-11	2.51819275271687	1.14622400780734	1.4016629876517e-07	1	6	12	0.119324297158734	1	0	-6.04968498919775	-0.00377059984369221
CD86	CD80	R-HSA-389513	REACTOME_CTLA4_INHIBITORY_SIGNALING	2.26171116509022e-11	2.91902097244456e-11	3.33039223677821	4.1620595993141	4.3790682761896e-07	1	3	7	0.0775829274585901	1	0	-1.68531673356583	-5.06621165195004
CD80	CD86	R-HSA-389513	REACTOME_CTLA4_INHIBITORY_SIGNALING	2.26171116509022e-11	2.91902097244456e-11	4.1620595993141	3.33039223677821	4.3790682761896e-07	1	3	7	0.0775829274585901	1	0	-5.06621165195004	-1.68531673356583
MFGE8	ITGB3	R-HSA-3000171	REACTOME_NON_INTEGRIN_MEMBRANE_ECM_INTERACTIONS	3.01473361015631e-11	3.85475226314104e-11	1.31744353592877	1.14622400780734	3.2474362001487e-07	1	3	7	0.0875472074908358	1	0	4.74812359149799	-0.00377059984369221
TFPI	LRP1	R-HSA-2187338	REACTOME_VISUAL_PHOTOTRANSDUCTION	3.01228166353377e-11	3.85475226314104e-11	3.31174406254337	1.27653229594123	3.95186297630785e-08	1	3	6	0.0875472074908358	1	0	4.68621391636088	-3.00410651545668
TFPI	LRP1	R-HSA-6806667	REACTOME_METABOLISM_OF_FAT_SOLUBLE_VITAMINS	3.01228166353377e-11	3.85475226314104e-11	3.31174406254337	1.27653229594123	3.95186297630785e-08	1	3	6	0.0875472074908358	1	0	4.68621391636088	-3.00410651545668
TFPI	SDC4	R-HSA-9833110	REACTOME_RSV_HOST_INTERACTIONS	3.69171551479143e-11	4.70579786299031e-11	3.31174406254337	1.63417409916305	6.49959616903666e-11	1	1	3	0.828159429036684	1	0	4.68621391636088	5.23242087622174
VEGFA	ITGB3	R-HSA-3000170	REACTOME_SYNDECAN_INTERACTIONS	3.82867157004587e-11	4.86535802593521e-11	2.51819275271687	1.14622400780734	1.4016629876517e-07	1	2	5	0.0875472074908358	1	0	-6.04968498919775	-0.00377059984369221
CD274	CD80	R-HSA-389513	REACTOME_CTLA4_INHIBITORY_SIGNALING	4.22386171955262e-11	5.35108862016942e-11	2.96033716638828	4.1620595993141	8.17813483198094e-07	1	3	7	0.0775829274585901	1	0	0.51936641215919	-5.06621165195004
APOE	VLDLR	R-HSA-8964043	REACTOME_PLASMA_LIPOPROTEIN_CLEARANCE	4.34987389199008e-11	5.49387742321682e-11	2.42712935704449	2.09707459089542	2.88639369777913e-08	1	8	15	0.171174638338382	1	0	4.80768600010498	3.21723806388731
TGM2	ITGB3	R-HSA-1566948	REACTOME_ELASTIC_FIBRE_FORMATION	4.62667595063773e-11	5.79196713117484e-11	1.5827012576575	1.14622400780734	3.89999949185401e-06	1	3	6	0.0301879832561912	1	0	-6.2328466666329	-0.00377059984369221
TGM2	ITGB3	R-HSA-5674135	REACTOME_MAP2K_AND_MAPK_ACTIVATION	4.62796405154406e-11	5.79196713117484e-11	1.5827012576575	1.14622400780734	3.89999949185401e-06	1	12	23	0.135360350630587	1	0	-6.2328466666329	-0.00377059984369221
TGM2	ITGB3	R-HSA-6802946	REACTOME_SIGNALING_BY_MODERATE_KINASE_ACTIVITY_BRAF_MUTANTS	4.62796405154406e-11	5.79196713117484e-11	1.5827012576575	1.14622400780734	3.89999949185401e-06	1	12	23	0.135360350630587	1	0	-6.2328466666329	-0.00377059984369221
MFGE8	ITGB3	R-HSA-76005	REACTOME_RESPONSE_TO_ELEVATED_PLATELET_CYTOSOLIC_CA2	5.11531379449913e-11	6.3825516529551e-11	1.31744353592877	1.14622400780734	3.2474362001487e-07	1	6	12	0.119324297158734	1	0	4.74812359149799	-0.00377059984369221
SERPINA1	LRP1	R-HSA-2187338	REACTOME_VISUAL_PHOTOTRANSDUCTION	5.9854880181143e-11	7.38585712951438e-11	2.69460251235229	1.27653229594123	7.85246239761371e-08	1	3	6	0.0875472074908358	1	0	4.39647683990137	-3.00410651545668
SERPINA1	LRP1	R-HSA-6806667	REACTOME_METABOLISM_OF_FAT_SOLUBLE_VITAMINS	5.9854880181143e-11	7.38585712951438e-11	2.69460251235229	1.27653229594123	7.85246239761371e-08	1	3	6	0.0875472074908358	1	0	4.39647683990137	-3.00410651545668
SERPINE2	LRP1	R-HSA-2187338	REACTOME_VISUAL_PHOTOTRANSDUCTION	5.99094948762062e-11	7.38585712951438e-11	3.71158129166662	1.27653229594123	7.85962739131252e-08	1	3	6	0.0875472074908358	1	0	5.7918535195423	-3.00410651545668
SERPINE2	LRP1	R-HSA-6806667	REACTOME_METABOLISM_OF_FAT_SOLUBLE_VITAMINS	5.99094948762062e-11	7.38585712951438e-11	3.71158129166662	1.27653229594123	7.85962739131252e-08	1	3	6	0.0875472074908358	1	0	5.7918535195423	-3.00410651545668
UBA52	LDLR	R-HSA-8964038	REACTOME_LDL_CLEARANCE	6.56583270615991e-11	8.07050270132155e-11	1.03374250053663	3.63049014703745	7.04090390285207e-10	1	4	8	0.338419223718639	1	0	5.28296800983504	4.8050403030526
MFGE8	ITGB3	R-HSA-3000170	REACTOME_SYNDECAN_INTERACTIONS	8.87043944556003e-11	1.08708946320958e-10	1.31744353592877	1.14622400780734	3.2474362001487e-07	1	2	5	0.0875472074908358	1	0	4.74812359149799	-0.00377059984369221
UBA52	MET	R-HSA-9825892	REACTOME_REGULATION_OF_MITF_M_DEPENDENT_GENES_INVOLVED_IN_CELL_CYCLE_AND_PROLIFERATION	9.2374346134344e-11	1.12871612288414e-10	1.03374250053663	2.13157399158665	4.88236294750373e-08	1	6	11	0.140690235881822	1	0	5.28296800983504	-4.55862814092069
UBA52	TGFBR1	R-HSA-3304349	REACTOME_LOSS_OF_FUNCTION_OF_SMAD2_3_IN_CANCER	1.21062241655968e-10	1.47055017070337e-10	1.03374250053663	1.12059925062153	1.02047925114769e-05	1	3	6	0.0301879832561912	1	0	5.28296800983504	3.08901402907691
UBA52	TGFBR1	R-HSA-3304351	REACTOME_SIGNALING_BY_TGF_BETA_RECEPTOR_COMPLEX_IN_CANCER	1.21062241655968e-10	1.47055017070337e-10	1.03374250053663	1.12059925062153	1.02047925114769e-05	1	3	6	0.0301879832561912	1	0	5.28296800983504	3.08901402907691
TGM2	ITGB3	R-HSA-445144	REACTOME_SIGNAL_TRANSDUCTION_BY_L1	1.64404473764e-10	1.99117441831472e-10	1.5827012576575	1.14622400780734	3.89999949185401e-06	1	6	12	0.0973668001471835	1	0	-6.2328466666329	-0.00377059984369221
MMP7	CD44	R-HSA-216083	REACTOME_INTEGRIN_CELL_SURFACE_INTERACTIONS	1.69942886856561e-10	2.05223427695204e-10	3.10461592645464	1.81637339142795	2.94861982040612e-09	1	3	6	0.282784502473796	1	0	-3.06922912955163	-4.08809510245456
APOE	LRP1	R-HSA-2187338	REACTOME_VISUAL_PHOTOTRANSDUCTION	1.72885032121231e-10	2.07562553099036e-10	2.42712935704449	1.27653229594123	2.26810781298648e-07	1	3	6	0.0875472074908358	1	0	4.80768600010498	-3.00410651545668
APOE	LRP1	R-HSA-6806667	REACTOME_METABOLISM_OF_FAT_SOLUBLE_VITAMINS	1.72885032121231e-10	2.07562553099036e-10	2.42712935704449	1.27653229594123	2.26810781298648e-07	1	3	6	0.0875472074908358	1	0	4.80768600010498	-3.00410651545668
UBA52	MET	R-HSA-6806834	REACTOME_SIGNALING_BY_MET	2.31508541708397e-10	2.77139210798747e-10	1.03374250053663	2.13157399158665	4.88236294750373e-08	1	19	36	0.282784502473796	1	0	5.28296800983504	-4.55862814092069
TFPI	VLDLR	R-HSA-8866427	REACTOME_VLDLR_INTERNALISATION_AND_DEGRADATION	2.52185305844809e-10	3.01018876629786e-10	3.31174406254337	2.09707459089542	5.02914029218135e-09	1	6	12	0.315414398459609	1	0	4.68621391636088	3.21723806388731
TGM2	ITGB3	R-HSA-3000171	REACTOME_NON_INTEGRIN_MEMBRANE_ECM_INTERACTIONS	3.62053596222967e-10	4.30916816253848e-10	1.5827012576575	1.14622400780734	3.89999949185401e-06	1	3	7	0.0875472074908358	1	0	-6.2328466666329	-0.00377059984369221
SERPINE1	LRP1	R-HSA-2187338	REACTOME_VISUAL_PHOTOTRANSDUCTION	5.85304450129283e-10	6.92638217488235e-10	1.1500560863833	1.27653229594123	7.67870752040054e-07	1	3	6	0.0875472074908358	1	0	-6.38458966990054	-3.00410651545668
SERPINE1	LRP1	R-HSA-6806667	REACTOME_METABOLISM_OF_FAT_SOLUBLE_VITAMINS	5.85304450129283e-10	6.92638217488235e-10	1.1500560863833	1.27653229594123	7.67870752040054e-07	1	3	6	0.0875472074908358	1	0	-6.38458966990054	-3.00410651545668
EFNA5	EPHA2	R-HSA-2682334	REACTOME_EPH_EPHRIN_SIGNALING	5.96166381707694e-10	7.03476330415079e-10	5.28302995971054	4.57242106010317	7.09732251589986e-10	1	1	2	0.916508444200417	1	0	-2.81768183507669	-6.03731290938626
TGM2	ITGB3	R-HSA-76005	REACTOME_RESPONSE_TO_ELEVATED_PLATELET_CYTOSOLIC_CA2	6.14322190480814e-10	7.22834942075716e-10	1.5827012576575	1.14622400780734	3.89999949185401e-06	1	6	12	0.119324297158734	1	0	-6.2328466666329	-0.00377059984369221
TGM2	ITGB3	R-HSA-3000170	REACTOME_SYNDECAN_INTERACTIONS	1.06529296337282e-09	1.24990339168459e-09	1.5827012576575	1.14622400780734	3.89999949185401e-06	1	2	5	0.0875472074908358	1	0	-6.2328466666329	-0.00377059984369221
UBA52	MET	R-HSA-416550	REACTOME_SEMA4D_MEDIATED_INHIBITION_OF_CELL_ATTACHMENT_AND_MIGRATION	1.07323710950968e-09	1.25565701480878e-09	1.03374250053663	2.13157399158665	4.88236294750373e-08	1	3	6	0.2149144535009	1	0	5.28296800983504	-4.55862814092069
MMP9	LRP1	R-HSA-2187338	REACTOME_VISUAL_PHOTOTRANSDUCTION	1.09230522621788e-09	1.27076636176897e-09	1.11898391668014	1.27653229594123	1.43301359715947e-06	1	3	6	0.0875472074908358	1	0	6.32533384333862	-3.00410651545668
MMP9	LRP1	R-HSA-6806667	REACTOME_METABOLISM_OF_FAT_SOLUBLE_VITAMINS	1.09230522621788e-09	1.27076636176897e-09	1.11898391668014	1.27653229594123	1.43301359715947e-06	1	3	6	0.0875472074908358	1	0	6.32533384333862	-3.00410651545668
UBA52	TGFBR1	R-HSA-9839389	REACTOME_TGFBR3_REGULATES_TGF_BETA_SIGNALING	1.09754059761563e-09	1.2732704124024e-09	1.03374250053663	1.12059925062153	1.02047925114769e-05	1	2	4	0.0301879832561912	1	0	5.28296800983504	3.08901402907691
L1CAM	ITGB3	R-HSA-216083	REACTOME_INTEGRIN_CELL_SURFACE_INTERACTIONS	1.18515951709102e-09	1.37106689232099e-09	2.25213234059759	1.14622400780734	5.32747410201291e-08	1	3	7	0.282784502473796	1	0	5.0001756983667	-0.00377059984369221
UBA52	MET	R-HSA-8851805	REACTOME_MET_ACTIVATES_RAS_SIGNALING	1.19949452274263e-09	1.38377440752153e-09	1.03374250053663	2.13157399158665	4.88236294750373e-08	1	4	9	0.29825067224068	1	0	5.28296800983504	-4.55862814092069
VEGFA	GPC1	R-HSA-9833110	REACTOME_RSV_HOST_INTERACTIONS	1.20924479075582e-09	1.39113676485279e-09	2.51819275271687	1.28696254463894	2.1289838769898e-09	1	1	3	0.828159429036684	1	0	-6.04968498919775	6.14834202091599
UBA52	MET	R-HSA-8875878	REACTOME_MET_PROMOTES_CELL_MOTILITY	1.37434009722786e-09	1.57667350043086e-09	1.03374250053663	2.13157399158665	4.88236294750373e-08	1	6	12	0.282784502473796	1	0	5.28296800983504	-4.55862814092069
APOE	VLDLR	R-HSA-8866427	REACTOME_VLDLR_INTERNALISATION_AND_DEGRADATION	1.44737675859751e-09	1.65586316149798e-09	2.42712935704449	2.09707459089542	2.88639369777913e-08	1	6	12	0.315414398459609	1	0	4.80768600010498	3.21723806388731
PSAP	LRP1	R-HSA-2187338	REACTOME_VISUAL_PHOTOTRANSDUCTION	1.78328202838584e-09	2.02891316177232e-09	1.02133030345959	1.27653229594123	2.33951768508456e-06	1	3	6	0.0875472074908358	1	0	4.75112204483774	-3.00410651545668
PSAP	LRP1	R-HSA-6806667	REACTOME_METABOLISM_OF_FAT_SOLUBLE_VITAMINS	1.78328202838584e-09	2.02891316177232e-09	1.02133030345959	1.27653229594123	2.33951768508456e-06	1	3	6	0.0875472074908358	1	0	4.75112204483774	-3.00410651545668
TGM2	SDC4	R-HSA-9833110	REACTOME_RSV_HOST_INTERACTIONS	2.26362122736034e-09	2.568339469505e-09	1.5827012576575	1.63417409916305	3.98530813074652e-09	1	1	3	0.828159429036684	1	0	-6.2328466666329	5.23242087622174
UBA52	MET	R-HSA-8875360	REACTOME_INLB_MEDIATED_ENTRY_OF_LISTERIA_MONOCYTOGENES_INTO_HOST_CELL	2.63287848378164e-09	2.9791200378132e-09	1.03374250053663	2.13157399158665	4.88236294750373e-08	1	4	9	0.350464066956196	1	0	5.28296800983504	-4.55862814092069
UBA52	MET	R-HSA-8874081	REACTOME_MET_ACTIVATES_PTK2_SIGNALING	2.8139363652043e-09	3.17528884926059e-09	1.03374250053663	2.13157399158665	4.88236294750373e-08	1	3	6	0.282784502473796	1	0	5.28296800983504	-4.55862814092069
UBA52	MET	R-HSA-6807004	REACTOME_NEGATIVE_REGULATION_OF_MET_ACTIVITY	2.96946104628636e-09	3.34165507388629e-09	1.03374250053663	2.13157399158665	4.88236294750373e-08	1	6	11	0.283323495847644	1	0	5.28296800983504	-4.55862814092069
VEGFA	ITGB3	R-HSA-216083	REACTOME_INTEGRIN_CELL_SURFACE_INTERACTIONS	3.1181648146201e-09	3.49946214249484e-09	2.51819275271687	1.14622400780734	1.4016629876517e-07	1	3	7	0.282784502473796	1	0	-6.04968498919775	-0.00377059984369221
UBA52	TGFBR1	R-HSA-5689603	REACTOME_UCH_PROTEINASES	3.13621975090511e-09	3.51018633366886e-09	1.03374250053663	1.12059925062153	1.02047925114769e-05	1	9	17	0.15079107022972	1	0	5.28296800983504	3.08901402907691
L1CAM	ITGB3	R-HSA-2129379	REACTOME_MOLECULES_ASSOCIATED_WITH_ELASTIC_FIBRES	3.67731754610597e-09	4.10468147713991e-09	2.25213234059759	1.14622400780734	5.32747410201291e-08	1	2	5	0.374714032762855	1	0	5.0001756983667	-0.00377059984369221
L1CAM	ITGB3	R-HSA-3000178	REACTOME_ECM_PROTEOGLYCANS	3.93067539614776e-09	4.37565751646637e-09	2.25213234059759	1.14622400780734	5.32747410201291e-08	1	4	9	0.374714032762855	1	0	5.0001756983667	-0.00377059984369221
UBA52	MET	R-HSA-8876384	REACTOME_LISTERIA_MONOCYTOGENES_ENTRY_INTO_HOST_CELLS	4.15889560481704e-09	4.61726850749848e-09	1.03374250053663	2.13157399158665	4.88236294750373e-08	1	6	12	0.350464066956196	1	0	5.28296800983504	-4.55862814092069
L1CAM	ITGB3	R-HSA-354192	REACTOME_INTEGRIN_SIGNALING	4.71536005588587e-09	5.19318320821564e-09	2.25213234059759	1.14622400780734	5.32747410201291e-08	1	8	15	0.333535371216309	1	0	5.0001756983667	-0.00377059984369221
L1CAM	ITGB3	R-HSA-354194	REACTOME_GRB2_SOS_PROVIDES_LINKAGE_TO_MAPK_SIGNALING_FOR_INTEGRINS	4.69622179590284e-09	5.19318320821564e-09	2.25213234059759	1.14622400780734	5.32747410201291e-08	1	4	8	0.333535371216309	1	0	5.0001756983667	-0.00377059984369221
L1CAM	ITGB3	R-HSA-76009	REACTOME_PLATELET_AGGREGATION_PLUG_FORMATION	4.71536005588587e-09	5.19318320821564e-09	2.25213234059759	1.14622400780734	5.32747410201291e-08	1	8	15	0.333535371216309	1	0	5.0001756983667	-0.00377059984369221
L1CAM	ITGB3	R-HSA-372708	REACTOME_P130CAS_LINKAGE_TO_MAPK_SIGNALING_FOR_INTEGRINS	5.25109328234499e-09	5.76782320640554e-09	2.25213234059759	1.14622400780734	5.32747410201291e-08	1	4	8	0.343327695186101	1	0	5.0001756983667	-0.00377059984369221
MFGE8	ITGB3	R-HSA-216083	REACTOME_INTEGRIN_CELL_SURFACE_INTERACTIONS	7.22430526184624e-09	7.91415934520556e-09	1.31744353592877	1.14622400780734	3.2474362001487e-07	1	3	7	0.282784502473796	1	0	4.74812359149799	-0.00377059984369221
HSPG2	LRP1	R-HSA-2187338	REACTOME_VISUAL_PHOTOTRANSDUCTION	9.19304309360134e-09	1.00177488064838e-08	1.90764350686712	1.27653229594123	1.20605078472598e-05	1	3	6	0.0875472074908358	1	0	3.81388254878784	-3.00410651545668
HSPG2	LRP1	R-HSA-6806667	REACTOME_METABOLISM_OF_FAT_SOLUBLE_VITAMINS	9.19304309360134e-09	1.00177488064838e-08	1.90764350686712	1.27653229594123	1.20605078472598e-05	1	3	6	0.0875472074908358	1	0	3.81388254878784	-3.00410651545668
VEGFA	ITGB3	R-HSA-2129379	REACTOME_MOLECULES_ASSOCIATED_WITH_ELASTIC_FIBRES	9.67505388017072e-09	1.05152559276592e-08	2.51819275271687	1.14622400780734	1.4016629876517e-07	1	2	5	0.374714032762855	1	0	-6.04968498919775	-0.00377059984369221
GPC3	LRP1	R-HSA-2187338	REACTOME_VISUAL_PHOTOTRANSDUCTION	9.8912225314721e-09	1.0693913365178e-08	1.32591804909639	1.27653229594123	1.29764611941006e-05	1	3	6	0.0875472074908358	1	0	-6.38458966990054	-3.00410651545668
GPC3	LRP1	R-HSA-6806667	REACTOME_METABOLISM_OF_FAT_SOLUBLE_VITAMINS	9.8912225314721e-09	1.0693913365178e-08	1.32591804909639	1.27653229594123	1.29764611941006e-05	1	3	6	0.0875472074908358	1	0	-6.38458966990054	-3.00410651545668
VEGFA	ITGB3	R-HSA-3000178	REACTOME_ECM_PROTEOGLYCANS	1.03416405481386e-08	1.1151690721622e-08	2.51819275271687	1.14622400780734	1.4016629876517e-07	1	4	9	0.374714032762855	1	0	-6.04968498919775	-0.00377059984369221
VEGFA	ITGB3	R-HSA-354192	REACTOME_INTEGRIN_SIGNALING	1.2406152591693e-08	1.32739404672777e-08	2.51819275271687	1.14622400780734	1.4016629876517e-07	1	8	15	0.333535371216309	1	0	-6.04968498919775	-0.00377059984369221
VEGFA	ITGB3	R-HSA-354194	REACTOME_GRB2_SOS_PROVIDES_LINKAGE_TO_MAPK_SIGNALING_FOR_INTEGRINS	1.2355799666174e-08	1.32739404672777e-08	2.51819275271687	1.14622400780734	1.4016629876517e-07	1	4	8	0.333535371216309	1	0	-6.04968498919775	-0.00377059984369221
VEGFA	ITGB3	R-HSA-76009	REACTOME_PLATELET_AGGREGATION_PLUG_FORMATION	1.2406152591693e-08	1.32739404672777e-08	2.51819275271687	1.14622400780734	1.4016629876517e-07	1	8	15	0.333535371216309	1	0	-6.04968498919775	-0.00377059984369221
VEGFA	ITGB3	R-HSA-372708	REACTOME_P130CAS_LINKAGE_TO_MAPK_SIGNALING_FOR_INTEGRINS	1.38156712874277e-08	1.47438559217252e-08	2.51819275271687	1.14622400780734	1.4016629876517e-07	1	4	8	0.343327695186101	1	0	-6.04968498919775	-0.00377059984369221
PLTP	ABCA1	R-HSA-8963896	REACTOME_HDL_ASSEMBLY	1.70451321301993e-08	1.80967598194661e-08	1.366863739162	2.57262752757659	3.13447920926798e-08	1	1	2	0.737424375873488	1	0	-0.950808658432889	8.75009070779925
PLTP	ABCA1	R-HSA-8963898	REACTOME_PLASMA_LIPOPROTEIN_ASSEMBLY	1.70451321301993e-08	1.80967598194661e-08	1.366863739162	2.57262752757659	3.13447920926798e-08	1	1	2	0.737424375873488	1	0	-0.950808658432889	8.75009070779925
UBA52	MET	R-HSA-9022699	REACTOME_MECP2_REGULATES_NEURONAL_RECEPTORS_AND_CHANNELS	1.94804252877876e-08	2.06292708816828e-08	1.03374250053663	2.13157399158665	4.88236294750373e-08	1	3	7	0.590315867254566	1	0	5.28296800983504	-4.55862814092069
MFGE8	ITGB3	R-HSA-2129379	REACTOME_MOLECULES_ASSOCIATED_WITH_ELASTIC_FIBRES	2.24156023849172e-08	2.36768383247335e-08	1.31744353592877	1.14622400780734	3.2474362001487e-07	1	2	5	0.374714032762855	1	0	4.74812359149799	-0.00377059984369221
UBA52	MET	R-HSA-8875656	REACTOME_MET_RECEPTOR_RECYCLING	2.36854799886683e-08	2.49543449880613e-08	1.03374250053663	2.13157399158665	4.88236294750373e-08	1	1	3	0.78574937280816	1	0	5.28296800983504	-4.55862814092069
MFGE8	ITGB3	R-HSA-3000178	REACTOME_ECM_PROTEOGLYCANS	2.39599805237179e-08	2.51793179549503e-08	1.31744353592877	1.14622400780734	3.2474362001487e-07	1	4	9	0.374714032762855	1	0	4.74812359149799	-0.00377059984369221
UBA52	MET	R-HSA-8875513	REACTOME_MET_INTERACTS_WITH_TNS_PROTEINS	2.81878652096756e-08	2.95471785065888e-08	1.03374250053663	2.13157399158665	4.88236294750373e-08	1	1	2	0.759829345507566	1	0	5.28296800983504	-4.55862814092069
MFGE8	ITGB3	R-HSA-354192	REACTOME_INTEGRIN_SIGNALING	2.87431353940008e-08	2.99015489111393e-08	1.31744353592877	1.14622400780734	3.2474362001487e-07	1	8	15	0.333535371216309	1	0	4.74812359149799	-0.00377059984369221
MFGE8	ITGB3	R-HSA-354194	REACTOME_GRB2_SOS_PROVIDES_LINKAGE_TO_MAPK_SIGNALING_FOR_INTEGRINS	2.86264754589421e-08	2.99015489111393e-08	1.31744353592877	1.14622400780734	3.2474362001487e-07	1	4	8	0.333535371216309	1	0	4.74812359149799	-0.00377059984369221
MFGE8	ITGB3	R-HSA-76009	REACTOME_PLATELET_AGGREGATION_PLUG_FORMATION	2.87431353940008e-08	2.99015489111393e-08	1.31744353592877	1.14622400780734	3.2474362001487e-07	1	8	15	0.333535371216309	1	0	4.74812359149799	-0.00377059984369221
MFGE8	ITGB3	R-HSA-372708	REACTOME_P130CAS_LINKAGE_TO_MAPK_SIGNALING_FOR_INTEGRINS	3.20087720539115e-08	3.31318868628207e-08	1.31744353592877	1.14622400780734	3.2474362001487e-07	1	4	8	0.343327695186101	1	0	4.74812359149799	-0.00377059984369221
UBA52	MET	R-HSA-8875555	REACTOME_MET_ACTIVATES_RAP1_AND_RAC1	3.19303128671517e-08	3.31318868628207e-08	1.03374250053663	2.13157399158665	4.88236294750373e-08	1	2	5	0.76004478720669	1	0	5.28296800983504	-4.55862814092069
FYN	CD86	R-HSA-389357	REACTOME_CD28_DEPENDENT_PI3K_AKT_SIGNALING	3.66900114255223e-08	3.78824367968518e-08	1.43397289723215	3.33039223677821	4.33138478171151e-08	1	1	2	0.920365944227352	1	0	6.31961043281184	-1.68531673356583
UBA52	MET	R-HSA-8851907	REACTOME_MET_ACTIVATES_PI3K_AKT_SIGNALING	3.80637596255977e-08	3.92028247515508e-08	1.03374250053663	2.13157399158665	4.88236294750373e-08	1	1	3	0.920365944227352	1	0	5.28296800983504	-4.55862814092069
COL5A3	SDC3	R-HSA-9833110	REACTOME_RSV_HOST_INTERACTIONS	4.15838943849513e-08	4.27217621417535e-08	2.63356018922248	1.26544278130942	7.32121745446371e-08	1	1	3	0.828159429036684	1	0	-5.85123907042386	6.63270735593641
TGM2	ITGB3	R-HSA-216083	REACTOME_INTEGRIN_CELL_SURFACE_INTERACTIONS	8.67600935436652e-08	8.89129494628629e-08	1.5827012576575	1.14622400780734	3.89999949185401e-06	1	3	7	0.282784502473796	1	0	-6.2328466666329	-0.00377059984369221
FYN	CD80	R-HSA-389357	REACTOME_CD28_DEPENDENT_PI3K_AKT_SIGNALING	1.22100443280695e-07	1.2482050266071e-07	1.43397289723215	4.1620595993141	1.44143864043155e-07	1	1	2	0.920365944227352	1	0	6.31961043281184	-5.06621165195004
TGM2	ITGB3	R-HSA-2129379	REACTOME_MOLECULES_ASSOCIATED_WITH_ELASTIC_FIBRES	2.69199554734211e-07	2.74517076803035e-07	1.5827012576575	1.14622400780734	3.89999949185401e-06	1	2	5	0.374714032762855	1	0	-6.2328466666329	-0.00377059984369221
TGM2	ITGB3	R-HSA-3000178	REACTOME_ECM_PROTEOGLYCANS	2.87746721130512e-07	2.92707871494831e-07	1.5827012576575	1.14622400780734	3.89999949185401e-06	1	4	9	0.374714032762855	1	0	-6.2328466666329	-0.00377059984369221
TGM2	ITGB3	R-HSA-354192	REACTOME_INTEGRIN_SIGNALING	3.45189886796732e-07	3.48565827009903e-07	1.5827012576575	1.14622400780734	3.89999949185401e-06	1	8	15	0.333535371216309	1	0	-6.2328466666329	-0.00377059984369221
TGM2	ITGB3	R-HSA-354194	REACTOME_GRB2_SOS_PROVIDES_LINKAGE_TO_MAPK_SIGNALING_FOR_INTEGRINS	3.43788862544346e-07	3.48565827009903e-07	1.5827012576575	1.14622400780734	3.89999949185401e-06	1	4	8	0.333535371216309	1	0	-6.2328466666329	-0.00377059984369221
TGM2	ITGB3	R-HSA-76009	REACTOME_PLATELET_AGGREGATION_PLUG_FORMATION	3.45189886796732e-07	3.48565827009903e-07	1.5827012576575	1.14622400780734	3.89999949185401e-06	1	8	15	0.333535371216309	1	0	-6.2328466666329	-0.00377059984369221
CD86	CD80	R-HSA-389357	REACTOME_CD28_DEPENDENT_PI3K_AKT_SIGNALING	3.70939256574319e-07	3.72744313783926e-07	3.33039223677821	4.1620595993141	4.3790682761896e-07	1	1	2	0.920365944227352	1	0	-1.68531673356583	-5.06621165195004
CD80	CD86	R-HSA-389357	REACTOME_CD28_DEPENDENT_PI3K_AKT_SIGNALING	3.70939256574319e-07	3.72744313783926e-07	4.1620595993141	3.33039223677821	4.3790682761896e-07	1	1	2	0.920365944227352	1	0	-5.06621165195004	-1.68531673356583
TGM2	ITGB3	R-HSA-372708	REACTOME_P130CAS_LINKAGE_TO_MAPK_SIGNALING_FOR_INTEGRINS	3.84408459631661e-07	3.85341489873486e-07	1.5827012576575	1.14622400780734	3.89999949185401e-06	1	4	8	0.343327695186101	1	0	-6.2328466666329	-0.00377059984369221
CD274	CD80	R-HSA-389357	REACTOME_CD28_DEPENDENT_PI3K_AKT_SIGNALING	6.92748106083242e-07	6.92748106083242e-07	2.96033716638828	4.1620595993141	8.17813483198094e-07	1	1	2	0.920365944227352	1	0	0.51936641215919	-5.06621165195004
