Source	Target	interaction	qval	pval	minus_log10_qval	n_pathways	pathways
PTGS2	CAV1	PTGS2_CAV1	6.09942658926758e-103	1.43179027917079e-105	102.214710991354	27	REACTOME_SIGNALING_BY_NUCLEAR_RECEPTORS; REACTOME_SARS_COV_2_HOST_INTERACTIONS; REACTOME_SARS_COV_2_INFECTION; REACTOME_ESR_MEDIATED_SIGNALING; REACTOME_SIGNALING_BY_WNT; REACTOME_SARS_COV_1_INFECTION; REACTOME_FOXO_MEDIATED_TRANSCRIPTION; REACTOME_EXTRA_NUCLEAR_ESTROGEN_SIGNALING; REACTOME_TCF_DEPENDENT_SIGNALING_IN_RESPONSE_TO_WNT; REACTOME_SARS_COV_1_HOST_INTERACTIONS; REACTOME_FOXO_MEDIATED_TRANSCRIPTION_OF_CELL_CYCLE_GENES; REACTOME_SIGNALING_BY_VEGF; REACTOME_RAC1_GTPASE_CYCLE; REACTOME_CDC42_GTPASE_CYCLE; REACTOME_RHOQ_GTPASE_CYCLE; REACTOME_CELL_SURFACE_INTERACTIONS_AT_THE_VASCULAR_WALL; REACTOME_RHOJ_GTPASE_CYCLE; REACTOME_RAC3_GTPASE_CYCLE; REACTOME_RHOG_GTPASE_CYCLE; REACTOME_VEGFR2_MEDIATED_VASCULAR_PERMEABILITY; REACTOME_DISASSEMBLY_OF_THE_DESTRUCTION_COMPLEX_AND_RECRUITMENT_OF_AXIN_TO_THE_MEMBRANE; REACTOME_SARS_COV_1_TARGETS_HOST_INTRACELLULAR_SIGNALLING_AND_REGULATORY_PATHWAYS; REACTOME_RAC2_GTPASE_CYCLE; REACTOME_BASIGIN_INTERACTIONS; REACTOME_ENOS_ACTIVATION; REACTOME_METABOLISM_OF_NITRIC_OXIDE_NOS3_ACTIVATION_AND_REGULATION; REACTOME_NOSTRIN_MEDIATED_ENOS_TRAFFICKING
ICAM1	CAV1	ICAM1_CAV1	1.36051864121244e-102	6.38741146109128e-105	101.866295503336	27	REACTOME_SIGNALING_BY_NUCLEAR_RECEPTORS; REACTOME_SARS_COV_2_HOST_INTERACTIONS; REACTOME_SARS_COV_2_INFECTION; REACTOME_ESR_MEDIATED_SIGNALING; REACTOME_SIGNALING_BY_WNT; REACTOME_SARS_COV_1_INFECTION; REACTOME_FOXO_MEDIATED_TRANSCRIPTION; REACTOME_EXTRA_NUCLEAR_ESTROGEN_SIGNALING; REACTOME_TCF_DEPENDENT_SIGNALING_IN_RESPONSE_TO_WNT; REACTOME_SARS_COV_1_HOST_INTERACTIONS; REACTOME_FOXO_MEDIATED_TRANSCRIPTION_OF_CELL_CYCLE_GENES; REACTOME_SIGNALING_BY_VEGF; REACTOME_RAC1_GTPASE_CYCLE; REACTOME_CDC42_GTPASE_CYCLE; REACTOME_RHOQ_GTPASE_CYCLE; REACTOME_CELL_SURFACE_INTERACTIONS_AT_THE_VASCULAR_WALL; REACTOME_RHOJ_GTPASE_CYCLE; REACTOME_RAC3_GTPASE_CYCLE; REACTOME_RHOG_GTPASE_CYCLE; REACTOME_VEGFR2_MEDIATED_VASCULAR_PERMEABILITY; REACTOME_DISASSEMBLY_OF_THE_DESTRUCTION_COMPLEX_AND_RECRUITMENT_OF_AXIN_TO_THE_MEMBRANE; REACTOME_SARS_COV_1_TARGETS_HOST_INTRACELLULAR_SIGNALLING_AND_REGULATORY_PATHWAYS; REACTOME_RAC2_GTPASE_CYCLE; REACTOME_BASIGIN_INTERACTIONS; REACTOME_ENOS_ACTIVATION; REACTOME_METABOLISM_OF_NITRIC_OXIDE_NOS3_ACTIVATION_AND_REGULATION; REACTOME_NOSTRIN_MEDIATED_ENOS_TRAFFICKING
C3	C3AR1	C3_C3AR1	5.08796696471024e-98	3.58307532726073e-100	97.2934557171495	6	REACTOME_G_ALPHA_I_SIGNALLING_EVENTS; REACTOME_CLASS_A_1_RHODOPSIN_LIKE_RECEPTORS; REACTOME_LEISHMANIA_INFECTION; REACTOME_PEPTIDE_LIGAND_BINDING_RECEPTORS; REACTOME_PURINERGIC_SIGNALING_IN_LEISHMANIASIS_INFECTION; REACTOME_COMPLEMENT_CASCADE
NTN1	ADORA2B	NTN1_ADORA2B	4.6345294693317e-87	4.35167086322226e-89	86.3339943519717	5	REACTOME_CLASS_A_1_RHODOPSIN_LIKE_RECEPTORS; REACTOME_LEISHMANIA_INFECTION; REACTOME_G_ALPHA_S_SIGNALLING_EVENTS; REACTOME_ANTI_INFLAMMATORY_RESPONSE_FAVOURING_LEISHMANIA_PARASITE_INFECTION; REACTOME_ADORA2B_MEDIATED_ANTI_INFLAMMATORY_CYTOKINES_PRODUCTION
MMP1	CD44	MMP1_CD44	5.19033895708653e-86	6.09194713273067e-88	85.2848042794568	8	REACTOME_INTERFERON_SIGNALING; REACTOME_METABOLISM_OF_CARBOHYDRATES; REACTOME_EXTRACELLULAR_MATRIX_ORGANIZATION; REACTOME_GLYCOSAMINOGLYCAN_METABOLISM; REACTOME_HYALURONAN_METABOLISM; REACTOME_HYALURONAN_UPTAKE_AND_DEGRADATION; REACTOME_DEGRADATION_OF_THE_EXTRACELLULAR_MATRIX; REACTOME_INTEGRIN_CELL_SURFACE_INTERACTIONS
PKM	CD44	PKM_CD44	5.11535258050547e-85	7.2047219443739e-87	84.291124426763	8	REACTOME_INTERFERON_SIGNALING; REACTOME_METABOLISM_OF_CARBOHYDRATES; REACTOME_EXTRACELLULAR_MATRIX_ORGANIZATION; REACTOME_GLYCOSAMINOGLYCAN_METABOLISM; REACTOME_HYALURONAN_METABOLISM; REACTOME_HYALURONAN_UPTAKE_AND_DEGRADATION; REACTOME_DEGRADATION_OF_THE_EXTRACELLULAR_MATRIX; REACTOME_INTEGRIN_CELL_SURFACE_INTERACTIONS
VIM	CD44	VIM_CD44	3.61680889128497e-84	5.94311320164196e-86	83.4416744383363	8	REACTOME_INTERFERON_SIGNALING; REACTOME_METABOLISM_OF_CARBOHYDRATES; REACTOME_EXTRACELLULAR_MATRIX_ORGANIZATION; REACTOME_GLYCOSAMINOGLYCAN_METABOLISM; REACTOME_HYALURONAN_METABOLISM; REACTOME_HYALURONAN_UPTAKE_AND_DEGRADATION; REACTOME_DEGRADATION_OF_THE_EXTRACELLULAR_MATRIX; REACTOME_INTEGRIN_CELL_SURFACE_INTERACTIONS
MMP7	CD44	MMP7_CD44	1.71477099178039e-83	3.62275561643745e-85	82.7657938719169	8	REACTOME_INTERFERON_SIGNALING; REACTOME_METABOLISM_OF_CARBOHYDRATES; REACTOME_EXTRACELLULAR_MATRIX_ORGANIZATION; REACTOME_GLYCOSAMINOGLYCAN_METABOLISM; REACTOME_HYALURONAN_METABOLISM; REACTOME_HYALURONAN_UPTAKE_AND_DEGRADATION; REACTOME_DEGRADATION_OF_THE_EXTRACELLULAR_MATRIX; REACTOME_INTEGRIN_CELL_SURFACE_INTERACTIONS
MMP9	CD44	MMP9_CD44	3.04816813967288e-83	7.30230406734776e-85	82.5159610806008	8	REACTOME_INTERFERON_SIGNALING; REACTOME_METABOLISM_OF_CARBOHYDRATES; REACTOME_EXTRACELLULAR_MATRIX_ORGANIZATION; REACTOME_GLYCOSAMINOGLYCAN_METABOLISM; REACTOME_HYALURONAN_METABOLISM; REACTOME_HYALURONAN_UPTAKE_AND_DEGRADATION; REACTOME_DEGRADATION_OF_THE_EXTRACELLULAR_MATRIX; REACTOME_INTEGRIN_CELL_SURFACE_INTERACTIONS
HBEGF	CD44	HBEGF_CD44	1.05291354856844e-82	3.21311646276753e-84	81.9776072859095	8	REACTOME_INTERFERON_SIGNALING; REACTOME_METABOLISM_OF_CARBOHYDRATES; REACTOME_EXTRACELLULAR_MATRIX_ORGANIZATION; REACTOME_GLYCOSAMINOGLYCAN_METABOLISM; REACTOME_HYALURONAN_METABOLISM; REACTOME_HYALURONAN_UPTAKE_AND_DEGRADATION; REACTOME_DEGRADATION_OF_THE_EXTRACELLULAR_MATRIX; REACTOME_INTEGRIN_CELL_SURFACE_INTERACTIONS
SPP1	CD44	SPP1_CD44	6.34229085773841e-82	2.23320100624592e-83	81.1977538450881	8	REACTOME_INTERFERON_SIGNALING; REACTOME_METABOLISM_OF_CARBOHYDRATES; REACTOME_EXTRACELLULAR_MATRIX_ORGANIZATION; REACTOME_GLYCOSAMINOGLYCAN_METABOLISM; REACTOME_HYALURONAN_METABOLISM; REACTOME_HYALURONAN_UPTAKE_AND_DEGRADATION; REACTOME_DEGRADATION_OF_THE_EXTRACELLULAR_MATRIX; REACTOME_INTEGRIN_CELL_SURFACE_INTERACTIONS
COL5A3	SDC3	COL5A3_SDC3	6.36191335017573e-82	2.38945102354018e-83	81.1964122503177	21	REACTOME_SARS_COV_2_INFECTION; REACTOME_EXTRACELLULAR_MATRIX_ORGANIZATION; REACTOME_GLYCOSAMINOGLYCAN_METABOLISM; REACTOME_METABOLISM_OF_CARBOHYDRATES; REACTOME_HEPARAN_SULFATE_HEPARIN_HS_GAG_METABOLISM; REACTOME_HS_GAG_DEGRADATION; REACTOME_METABOLISM_OF_VITAMINS_AND_COFACTORS; REACTOME_DISEASES_OF_GLYCOSYLATION; REACTOME_DISEASES_OF_METABOLISM; REACTOME_CHONDROITIN_SULFATE_DERMATAN_SULFATE_METABOLISM; REACTOME_A_TETRASACCHARIDE_LINKER_SEQUENCE_IS_REQUIRED_FOR_GAG_SYNTHESIS; REACTOME_DISEASES_ASSOCIATED_WITH_GLYCOSAMINOGLYCAN_METABOLISM; REACTOME_DEFECTIVE_B4GALT7_CAUSES_EDS_PROGEROID_TYPE; REACTOME_VISUAL_PHOTOTRANSDUCTION; REACTOME_METABOLISM_OF_FAT_SOLUBLE_VITAMINS; REACTOME_HS_GAG_BIOSYNTHESIS; REACTOME_DEFECTIVE_EXT2_CAUSES_EXOSTOSES_2; REACTOME_ATTACHMENT_AND_ENTRY; REACTOME_EARLY_SARS_COV_2_INFECTION_EVENTS; REACTOME_RESPIRATORY_SYNCYTIAL_VIRUS_INFECTION_PATHWAY; REACTOME_RESPIRATORY_SYNCYTIAL_VIRUS_RSV_ATTACHMENT_AND_ENTRY
TGM2	SDC4	TGM2_SDC4	2.62353579804341e-81	1.1085362526944e-82	80.581113005494	23	REACTOME_SARS_COV_2_INFECTION; REACTOME_EXTRACELLULAR_MATRIX_ORGANIZATION; REACTOME_GLYCOSAMINOGLYCAN_METABOLISM; REACTOME_METABOLISM_OF_CARBOHYDRATES; REACTOME_HEPARAN_SULFATE_HEPARIN_HS_GAG_METABOLISM; REACTOME_HS_GAG_DEGRADATION; REACTOME_METABOLISM_OF_VITAMINS_AND_COFACTORS; REACTOME_DISEASES_OF_GLYCOSYLATION; REACTOME_DISEASES_OF_METABOLISM; REACTOME_CHONDROITIN_SULFATE_DERMATAN_SULFATE_METABOLISM; REACTOME_A_TETRASACCHARIDE_LINKER_SEQUENCE_IS_REQUIRED_FOR_GAG_SYNTHESIS; REACTOME_DISEASES_ASSOCIATED_WITH_GLYCOSAMINOGLYCAN_METABOLISM; REACTOME_DEFECTIVE_B4GALT7_CAUSES_EDS_PROGEROID_TYPE; REACTOME_VISUAL_PHOTOTRANSDUCTION; REACTOME_SYNDECAN_INTERACTIONS; REACTOME_METABOLISM_OF_FAT_SOLUBLE_VITAMINS; REACTOME_HS_GAG_BIOSYNTHESIS; REACTOME_DEFECTIVE_EXT2_CAUSES_EXOSTOSES_2; REACTOME_ATTACHMENT_AND_ENTRY; REACTOME_EARLY_SARS_COV_2_INFECTION_EVENTS; REACTOME_RESPIRATORY_SYNCYTIAL_VIRUS_INFECTION_PATHWAY; REACTOME_RESPIRATORY_SYNCYTIAL_VIRUS_RSV_ATTACHMENT_AND_ENTRY; REACTOME_NON_INTEGRIN_MEMBRANE_ECM_INTERACTIONS
CCL5	SDC4	CCL5_SDC4	7.00311654368835e-81	3.12345573544786e-82	80.1547086461981	23	REACTOME_SARS_COV_2_INFECTION; REACTOME_EXTRACELLULAR_MATRIX_ORGANIZATION; REACTOME_GLYCOSAMINOGLYCAN_METABOLISM; REACTOME_METABOLISM_OF_CARBOHYDRATES; REACTOME_HEPARAN_SULFATE_HEPARIN_HS_GAG_METABOLISM; REACTOME_HS_GAG_DEGRADATION; REACTOME_METABOLISM_OF_VITAMINS_AND_COFACTORS; REACTOME_DISEASES_OF_GLYCOSYLATION; REACTOME_DISEASES_OF_METABOLISM; REACTOME_CHONDROITIN_SULFATE_DERMATAN_SULFATE_METABOLISM; REACTOME_A_TETRASACCHARIDE_LINKER_SEQUENCE_IS_REQUIRED_FOR_GAG_SYNTHESIS; REACTOME_DISEASES_ASSOCIATED_WITH_GLYCOSAMINOGLYCAN_METABOLISM; REACTOME_DEFECTIVE_B4GALT7_CAUSES_EDS_PROGEROID_TYPE; REACTOME_VISUAL_PHOTOTRANSDUCTION; REACTOME_SYNDECAN_INTERACTIONS; REACTOME_METABOLISM_OF_FAT_SOLUBLE_VITAMINS; REACTOME_HS_GAG_BIOSYNTHESIS; REACTOME_DEFECTIVE_EXT2_CAUSES_EXOSTOSES_2; REACTOME_ATTACHMENT_AND_ENTRY; REACTOME_EARLY_SARS_COV_2_INFECTION_EVENTS; REACTOME_RESPIRATORY_SYNCYTIAL_VIRUS_INFECTION_PATHWAY; REACTOME_RESPIRATORY_SYNCYTIAL_VIRUS_RSV_ATTACHMENT_AND_ENTRY; REACTOME_NON_INTEGRIN_MEMBRANE_ECM_INTERACTIONS
FYN	CD86	FYN_CD86	8.36653130436087e-79	4.51714131456103e-80	78.0774545596424	9	REACTOME_INTRACELLULAR_SIGNALING_BY_SECOND_MESSENGERS; REACTOME_PI3K_AKT_SIGNALING_IN_CANCER; REACTOME_NEGATIVE_REGULATION_OF_THE_PI3K_AKT_NETWORK; REACTOME_COSTIMULATION_BY_THE_CD28_FAMILY; REACTOME_CONSTITUTIVE_SIGNALING_BY_ABERRANT_PI3K_IN_CANCER; REACTOME_CD28_CO_STIMULATION; REACTOME_CD28_DEPENDENT_VAV1_PATHWAY; REACTOME_CTLA4_INHIBITORY_SIGNALING; REACTOME_CD28_DEPENDENT_PI3K_AKT_SIGNALING
VEGFA	ITGB3	VEGFA_ITGB3	1.93134965342721e-70	1.13342115811456e-71	69.7141390940055	26	REACTOME_MAPK_FAMILY_SIGNALING_CASCADES; REACTOME_SIGNALING_BY_TGFB_FAMILY_MEMBERS; REACTOME_EXTRACELLULAR_MATRIX_ORGANIZATION; REACTOME_PLATELET_ACTIVATION_SIGNALING_AND_AGGREGATION; REACTOME_SIGNALING_BY_TGF_BETA_RECEPTOR_COMPLEX; REACTOME_L1CAM_INTERACTIONS; REACTOME_ONCOGENIC_MAPK_SIGNALING; REACTOME_SIGNALING_BY_BRAF_AND_RAF1_FUSIONS; REACTOME_TGF_BETA_RECEPTOR_SIGNALING_ACTIVATES_SMADS; REACTOME_SIGNALING_BY_MODERATE_KINASE_ACTIVITY_BRAF_MUTANTS; REACTOME_SIGNALING_BY_VEGF; REACTOME_MAP2K_AND_MAPK_ACTIVATION; REACTOME_RESPONSE_TO_ELEVATED_PLATELET_CYTOSOLIC_CA2; REACTOME_SIGNAL_TRANSDUCTION_BY_L1; REACTOME_INTEGRIN_SIGNALING; REACTOME_PLATELET_AGGREGATION_PLUG_FORMATION; REACTOME_CELL_SURFACE_INTERACTIONS_AT_THE_VASCULAR_WALL; REACTOME_P130CAS_LINKAGE_TO_MAPK_SIGNALING_FOR_INTEGRINS; REACTOME_PECAM1_INTERACTIONS; REACTOME_GRB2_SOS_PROVIDES_LINKAGE_TO_MAPK_SIGNALING_FOR_INTEGRINS; REACTOME_ELASTIC_FIBRE_FORMATION; REACTOME_INTEGRIN_CELL_SURFACE_INTERACTIONS; REACTOME_MOLECULES_ASSOCIATED_WITH_ELASTIC_FIBRES; REACTOME_ECM_PROTEOGLYCANS; REACTOME_SYNDECAN_INTERACTIONS; REACTOME_NON_INTEGRIN_MEMBRANE_ECM_INTERACTIONS
L1CAM	ITGB3	L1CAM_ITGB3	3.1384519640982e-69	1.91548711423834e-70	68.5032845141016	26	REACTOME_MAPK_FAMILY_SIGNALING_CASCADES; REACTOME_SIGNALING_BY_TGFB_FAMILY_MEMBERS; REACTOME_EXTRACELLULAR_MATRIX_ORGANIZATION; REACTOME_PLATELET_ACTIVATION_SIGNALING_AND_AGGREGATION; REACTOME_SIGNALING_BY_TGF_BETA_RECEPTOR_COMPLEX; REACTOME_L1CAM_INTERACTIONS; REACTOME_ONCOGENIC_MAPK_SIGNALING; REACTOME_SIGNALING_BY_BRAF_AND_RAF1_FUSIONS; REACTOME_TGF_BETA_RECEPTOR_SIGNALING_ACTIVATES_SMADS; REACTOME_SIGNALING_BY_MODERATE_KINASE_ACTIVITY_BRAF_MUTANTS; REACTOME_SIGNALING_BY_VEGF; REACTOME_MAP2K_AND_MAPK_ACTIVATION; REACTOME_RESPONSE_TO_ELEVATED_PLATELET_CYTOSOLIC_CA2; REACTOME_SIGNAL_TRANSDUCTION_BY_L1; REACTOME_INTEGRIN_SIGNALING; REACTOME_PLATELET_AGGREGATION_PLUG_FORMATION; REACTOME_CELL_SURFACE_INTERACTIONS_AT_THE_VASCULAR_WALL; REACTOME_P130CAS_LINKAGE_TO_MAPK_SIGNALING_FOR_INTEGRINS; REACTOME_PECAM1_INTERACTIONS; REACTOME_GRB2_SOS_PROVIDES_LINKAGE_TO_MAPK_SIGNALING_FOR_INTEGRINS; REACTOME_ELASTIC_FIBRE_FORMATION; REACTOME_INTEGRIN_CELL_SURFACE_INTERACTIONS; REACTOME_MOLECULES_ASSOCIATED_WITH_ELASTIC_FIBRES; REACTOME_ECM_PROTEOGLYCANS; REACTOME_SYNDECAN_INTERACTIONS; REACTOME_NON_INTEGRIN_MEMBRANE_ECM_INTERACTIONS
TGM2	ITGB3	TGM2_ITGB3	5.6178335325027e-69	3.5605987177834e-70	68.2504311339466	26	REACTOME_MAPK_FAMILY_SIGNALING_CASCADES; REACTOME_SIGNALING_BY_TGFB_FAMILY_MEMBERS; REACTOME_EXTRACELLULAR_MATRIX_ORGANIZATION; REACTOME_PLATELET_ACTIVATION_SIGNALING_AND_AGGREGATION; REACTOME_SIGNALING_BY_TGF_BETA_RECEPTOR_COMPLEX; REACTOME_L1CAM_INTERACTIONS; REACTOME_ONCOGENIC_MAPK_SIGNALING; REACTOME_SIGNALING_BY_BRAF_AND_RAF1_FUSIONS; REACTOME_TGF_BETA_RECEPTOR_SIGNALING_ACTIVATES_SMADS; REACTOME_SIGNALING_BY_MODERATE_KINASE_ACTIVITY_BRAF_MUTANTS; REACTOME_SIGNALING_BY_VEGF; REACTOME_MAP2K_AND_MAPK_ACTIVATION; REACTOME_RESPONSE_TO_ELEVATED_PLATELET_CYTOSOLIC_CA2; REACTOME_SIGNAL_TRANSDUCTION_BY_L1; REACTOME_INTEGRIN_SIGNALING; REACTOME_PLATELET_AGGREGATION_PLUG_FORMATION; REACTOME_CELL_SURFACE_INTERACTIONS_AT_THE_VASCULAR_WALL; REACTOME_P130CAS_LINKAGE_TO_MAPK_SIGNALING_FOR_INTEGRINS; REACTOME_PECAM1_INTERACTIONS; REACTOME_GRB2_SOS_PROVIDES_LINKAGE_TO_MAPK_SIGNALING_FOR_INTEGRINS; REACTOME_ELASTIC_FIBRE_FORMATION; REACTOME_INTEGRIN_CELL_SURFACE_INTERACTIONS; REACTOME_MOLECULES_ASSOCIATED_WITH_ELASTIC_FIBRES; REACTOME_ECM_PROTEOGLYCANS; REACTOME_SYNDECAN_INTERACTIONS; REACTOME_NON_INTEGRIN_MEMBRANE_ECM_INTERACTIONS
MFGE8	ITGB3	MFGE8_ITGB3	1.37366296613759e-68	9.02877066944897e-70	67.8621198101452	26	REACTOME_MAPK_FAMILY_SIGNALING_CASCADES; REACTOME_SIGNALING_BY_TGFB_FAMILY_MEMBERS; REACTOME_EXTRACELLULAR_MATRIX_ORGANIZATION; REACTOME_PLATELET_ACTIVATION_SIGNALING_AND_AGGREGATION; REACTOME_SIGNALING_BY_TGF_BETA_RECEPTOR_COMPLEX; REACTOME_L1CAM_INTERACTIONS; REACTOME_ONCOGENIC_MAPK_SIGNALING; REACTOME_SIGNALING_BY_BRAF_AND_RAF1_FUSIONS; REACTOME_TGF_BETA_RECEPTOR_SIGNALING_ACTIVATES_SMADS; REACTOME_SIGNALING_BY_MODERATE_KINASE_ACTIVITY_BRAF_MUTANTS; REACTOME_SIGNALING_BY_VEGF; REACTOME_MAP2K_AND_MAPK_ACTIVATION; REACTOME_RESPONSE_TO_ELEVATED_PLATELET_CYTOSOLIC_CA2; REACTOME_SIGNAL_TRANSDUCTION_BY_L1; REACTOME_INTEGRIN_SIGNALING; REACTOME_PLATELET_AGGREGATION_PLUG_FORMATION; REACTOME_CELL_SURFACE_INTERACTIONS_AT_THE_VASCULAR_WALL; REACTOME_P130CAS_LINKAGE_TO_MAPK_SIGNALING_FOR_INTEGRINS; REACTOME_PECAM1_INTERACTIONS; REACTOME_GRB2_SOS_PROVIDES_LINKAGE_TO_MAPK_SIGNALING_FOR_INTEGRINS; REACTOME_ELASTIC_FIBRE_FORMATION; REACTOME_INTEGRIN_CELL_SURFACE_INTERACTIONS; REACTOME_MOLECULES_ASSOCIATED_WITH_ELASTIC_FIBRES; REACTOME_ECM_PROTEOGLYCANS; REACTOME_SYNDECAN_INTERACTIONS; REACTOME_NON_INTEGRIN_MEMBRANE_ECM_INTERACTIONS
VWF	ITGB3	VWF_ITGB3	1.1764777177259e-66	8.28505435018241e-68	65.9294162938686	26	REACTOME_MAPK_FAMILY_SIGNALING_CASCADES; REACTOME_SIGNALING_BY_TGFB_FAMILY_MEMBERS; REACTOME_EXTRACELLULAR_MATRIX_ORGANIZATION; REACTOME_PLATELET_ACTIVATION_SIGNALING_AND_AGGREGATION; REACTOME_SIGNALING_BY_TGF_BETA_RECEPTOR_COMPLEX; REACTOME_L1CAM_INTERACTIONS; REACTOME_ONCOGENIC_MAPK_SIGNALING; REACTOME_SIGNALING_BY_BRAF_AND_RAF1_FUSIONS; REACTOME_TGF_BETA_RECEPTOR_SIGNALING_ACTIVATES_SMADS; REACTOME_SIGNALING_BY_MODERATE_KINASE_ACTIVITY_BRAF_MUTANTS; REACTOME_SIGNALING_BY_VEGF; REACTOME_MAP2K_AND_MAPK_ACTIVATION; REACTOME_RESPONSE_TO_ELEVATED_PLATELET_CYTOSOLIC_CA2; REACTOME_SIGNAL_TRANSDUCTION_BY_L1; REACTOME_INTEGRIN_SIGNALING; REACTOME_PLATELET_AGGREGATION_PLUG_FORMATION; REACTOME_CELL_SURFACE_INTERACTIONS_AT_THE_VASCULAR_WALL; REACTOME_P130CAS_LINKAGE_TO_MAPK_SIGNALING_FOR_INTEGRINS; REACTOME_PECAM1_INTERACTIONS; REACTOME_GRB2_SOS_PROVIDES_LINKAGE_TO_MAPK_SIGNALING_FOR_INTEGRINS; REACTOME_ELASTIC_FIBRE_FORMATION; REACTOME_INTEGRIN_CELL_SURFACE_INTERACTIONS; REACTOME_MOLECULES_ASSOCIATED_WITH_ELASTIC_FIBRES; REACTOME_ECM_PROTEOGLYCANS; REACTOME_SYNDECAN_INTERACTIONS; REACTOME_NON_INTEGRIN_MEMBRANE_ECM_INTERACTIONS
SPP1	ITGB3	SPP1_ITGB3	1.05449877337292e-65	7.92111754646324e-67	64.9769539211096	26	REACTOME_MAPK_FAMILY_SIGNALING_CASCADES; REACTOME_SIGNALING_BY_TGFB_FAMILY_MEMBERS; REACTOME_EXTRACELLULAR_MATRIX_ORGANIZATION; REACTOME_PLATELET_ACTIVATION_SIGNALING_AND_AGGREGATION; REACTOME_SIGNALING_BY_TGF_BETA_RECEPTOR_COMPLEX; REACTOME_L1CAM_INTERACTIONS; REACTOME_ONCOGENIC_MAPK_SIGNALING; REACTOME_SIGNALING_BY_BRAF_AND_RAF1_FUSIONS; REACTOME_TGF_BETA_RECEPTOR_SIGNALING_ACTIVATES_SMADS; REACTOME_SIGNALING_BY_MODERATE_KINASE_ACTIVITY_BRAF_MUTANTS; REACTOME_SIGNALING_BY_VEGF; REACTOME_MAP2K_AND_MAPK_ACTIVATION; REACTOME_RESPONSE_TO_ELEVATED_PLATELET_CYTOSOLIC_CA2; REACTOME_SIGNAL_TRANSDUCTION_BY_L1; REACTOME_INTEGRIN_SIGNALING; REACTOME_PLATELET_AGGREGATION_PLUG_FORMATION; REACTOME_CELL_SURFACE_INTERACTIONS_AT_THE_VASCULAR_WALL; REACTOME_P130CAS_LINKAGE_TO_MAPK_SIGNALING_FOR_INTEGRINS; REACTOME_PECAM1_INTERACTIONS; REACTOME_GRB2_SOS_PROVIDES_LINKAGE_TO_MAPK_SIGNALING_FOR_INTEGRINS; REACTOME_ELASTIC_FIBRE_FORMATION; REACTOME_INTEGRIN_CELL_SURFACE_INTERACTIONS; REACTOME_MOLECULES_ASSOCIATED_WITH_ELASTIC_FIBRES; REACTOME_ECM_PROTEOGLYCANS; REACTOME_SYNDECAN_INTERACTIONS; REACTOME_NON_INTEGRIN_MEMBRANE_ECM_INTERACTIONS
C3	ITGAX	C3_ITGAX	3.37255293867425e-57	3.00838055562492e-58	56.4720412245193	5	REACTOME_INTERLEUKIN_4_AND_INTERLEUKIN_13_SIGNALING; REACTOME_EXTRACELLULAR_MATRIX_ORGANIZATION; REACTOME_INTEGRIN_CELL_SURFACE_INTERACTIONS; REACTOME_CELL_SURFACE_INTERACTIONS_AT_THE_VASCULAR_WALL; REACTOME_ECM_PROTEOGLYCANS
ICAM1	ITGAX	ICAM1_ITGAX	5.39792277698366e-57	4.94176028878786e-58	56.2677733327787	5	REACTOME_INTERLEUKIN_4_AND_INTERLEUKIN_13_SIGNALING; REACTOME_EXTRACELLULAR_MATRIX_ORGANIZATION; REACTOME_INTEGRIN_CELL_SURFACE_INTERACTIONS; REACTOME_CELL_SURFACE_INTERACTIONS_AT_THE_VASCULAR_WALL; REACTOME_ECM_PROTEOGLYCANS
APOE	LDLR	APOE_LDLR	5.94456111085246e-56	5.58174752192719e-57	55.2258802039841	8	REACTOME_CLATHRIN_MEDIATED_ENDOCYTOSIS; REACTOME_CARGO_RECOGNITION_FOR_CLATHRIN_MEDIATED_ENDOCYTOSIS; REACTOME_PLASMA_LIPOPROTEIN_ASSEMBLY_REMODELING_AND_CLEARANCE; REACTOME_PLASMA_LIPOPROTEIN_CLEARANCE; REACTOME_LDL_CLEARANCE; REACTOME_METABOLISM_OF_VITAMINS_AND_COFACTORS; REACTOME_VISUAL_PHOTOTRANSDUCTION; REACTOME_METABOLISM_OF_FAT_SOLUBLE_VITAMINS
ADM	GPR84	ADM_GPR84	5.01075218641423e-52	4.94017821195769e-53	51.3000970753525	1	REACTOME_G_ALPHA_S_SIGNALLING_EVENTS
WNT2B	FZD4	WNT2B_FZD4	9.66097660014464e-49	1.04320404602501e-49	48.014978969794	13	REACTOME_CLATHRIN_MEDIATED_ENDOCYTOSIS; REACTOME_SIGNALING_BY_WNT; REACTOME_TCF_DEPENDENT_SIGNALING_IN_RESPONSE_TO_WNT; REACTOME_CARGO_RECOGNITION_FOR_CLATHRIN_MEDIATED_ENDOCYTOSIS; REACTOME_BETA_CATENIN_INDEPENDENT_WNT_SIGNALING; REACTOME_PCP_CE_PATHWAY; REACTOME_WNT5A_DEPENDENT_INTERNALIZATION_OF_FZD4; REACTOME_ASYMMETRIC_LOCALIZATION_OF_PCP_PROTEINS; REACTOME_CA2_PATHWAY; REACTOME_REGULATION_OF_FZD_BY_UBIQUITINATION; REACTOME_CLASS_B_2_SECRETIN_FAMILY_RECEPTORS; REACTOME_SIGNALING_BY_WNT_IN_CANCER; REACTOME_SIGNALING_BY_RNF43_MUTANTS
HBEGF	CD9	HBEGF_CD9	2.58984047843065e-47	3.03971887139748e-48	46.5867269855214	5	REACTOME_PLATELET_ACTIVATION_SIGNALING_AND_AGGREGATION; REACTOME_BACTERIAL_INFECTION_PATHWAYS; REACTOME_RESPONSE_TO_ELEVATED_PLATELET_CYTOSOLIC_CA2; REACTOME_UPTAKE_AND_ACTIONS_OF_BACTERIAL_TOXINS; REACTOME_UPTAKE_AND_FUNCTION_OF_DIPHTHERIA_TOXIN
ADM2	GPR84	ADM2_GPR84	9.34594897857259e-47	1.22857545258231e-47	46.0293765942067	1	REACTOME_G_ALPHA_S_SIGNALLING_EVENTS
INHBA	ACVR1C	INHBA_ACVR1C	2.83460710100288e-44	4.65780509554464e-45	43.5475071292548	4	REACTOME_SIGNALING_BY_TGFB_FAMILY_MEMBERS; REACTOME_SIGNALING_BY_NODAL; REACTOME_SIGNALING_BY_ACTIVIN; REACTOME_REGULATION_OF_SIGNALING_BY_NODAL
SEMA3F	NRP2	SEMA3F_NRP2	3.36696861875791e-35	7.66657173754736e-36	34.4727609313588	2	REACTOME_L1CAM_INTERACTIONS; REACTOME_SIGNALING_BY_VEGF
VEGFA	NRP2	VEGFA_NRP2	1.07569844638743e-34	2.47461144943587e-35	33.9683094586184	2	REACTOME_L1CAM_INTERACTIONS; REACTOME_SIGNALING_BY_VEGF
TNFSF14	TNFRSF14	TNFSF14_TNFRSF14	3.4633207227424e-32	8.12986085150799e-33	31.4605072885061	1	REACTOME_COSTIMULATION_BY_THE_CD28_FAMILY
IL1RN	IL1R1	IL1RN_IL1R1	6.34212636316022e-31	1.51853729822146e-31	30.1977651091591	3	REACTOME_INTERLEUKIN_1_FAMILY_SIGNALING; REACTOME_INTERLEUKIN_1_SIGNALING; REACTOME_INTERLEUKIN_10_SIGNALING
IL1A	IL1R1	IL1A_IL1R1	8.80849941621755e-31	2.1297545536864e-31	30.0550980701082	3	REACTOME_INTERLEUKIN_1_FAMILY_SIGNALING; REACTOME_INTERLEUKIN_1_SIGNALING; REACTOME_INTERLEUKIN_10_SIGNALING
VEGFB	FLT1	VEGFB_FLT1	5.14262806585885e-29	1.33998055237167e-29	28.2888148843482	1	REACTOME_SIGNALING_BY_VEGF
VEGFA	FLT1	VEGFA_FLT1	7.03425973307075e-29	1.88240753420203e-29	28.1527815998296	1	REACTOME_SIGNALING_BY_VEGF
IL1B	IL1R1	IL1B_IL1R1	4.0812782611376e-28	1.13049491740431e-28	27.3892037940636	3	REACTOME_INTERLEUKIN_1_FAMILY_SIGNALING; REACTOME_INTERLEUKIN_1_SIGNALING; REACTOME_INTERLEUKIN_10_SIGNALING
APOE	VLDLR	APOE_VLDLR	3.59194450109941e-25	1.12986047687165e-25	24.4446703822087	3	REACTOME_PLASMA_LIPOPROTEIN_ASSEMBLY_REMODELING_AND_CLEARANCE; REACTOME_PLASMA_LIPOPROTEIN_CLEARANCE; REACTOME_VLDLR_INTERNALISATION_AND_DEGRADATION
APOC1	VLDLR	APOC1_VLDLR	9.39099435202544e-22	3.4389556782065e-22	21.0272884206482	3	REACTOME_PLASMA_LIPOPROTEIN_ASSEMBLY_REMODELING_AND_CLEARANCE; REACTOME_PLASMA_LIPOPROTEIN_CLEARANCE; REACTOME_VLDLR_INTERNALISATION_AND_DEGRADATION
TNFSF9	TNFRSF9	TNFSF9_TNFRSF9	7.63956923576977e-21	2.99485460651068e-21	20.116931128833	1	REACTOME_TNFR2_NON_CANONICAL_NF_KB_PATHWAY
